Name,Team,Conf,Class,Pos,G,MP,FG,FGA,FG%,3P,3PA,3P%,2P,2PA,2P%,eFG%,FT,FTA,FT%,ORB,DRB,TRB,AST,STL,BLK,TOV,PF,PTS,ORTG,DRTG,PER,TS%,3PAr,FTr,ORB%,DRB%,TRB%,AST%,STL%,BLK%,TOV%,USG%,OWS,DWS,WS,WS/40,OBPM,DBPM,BPM,player_id
Aaron Gordon,Arizona,3,0,1,38,1187.0,5.0,10.1,0.495,0.4,1.2,0.356,4.6,8.9,0.513,0.516,2.0,4.7,0.422,2.7,5.3,8.0,2.0,0.9,1.0,1.4,3.0,12.4,105.5,87.7,20.4,0.503,0.118,0.471,10.4,19.3,14.9,13.0,1.8,3.4,12.4,23.2,2.1,3.3,5.4,0.183,3.3,3.9,7.2,gordoaa01
Aaron Holiday,UCLA,3,2,0,33,1244.0,6.4,13.9,0.461,2.7,6.2,0.429,3.8,7.7,0.486,0.557,4.8,5.8,0.828,0.5,3.2,3.7,5.8,1.3,0.2,3.8,2.8,20.3,112.9,106.9,21.1,0.609,0.446,0.417,1.6,8.7,5.3,29.9,1.9,0.7,20.6,27.2,3.7,1.2,4.9,0.157,4.9,0.1,5.0,holidaa01
Aaron Nesmith,Vanderbilt,3,1,1,14,500.0,7.5,14.6,0.512,4.3,8.2,0.522,3.2,6.4,0.5,0.659,3.7,4.5,0.825,0.8,4.1,4.9,0.9,1.4,0.9,1.7,3.1,23.0,125.1,105.6,29.0,0.685,0.561,0.307,2.5,13.9,8.0,6.9,2.3,2.6,11.6,23.7,2.2,0.4,2.6,0.207,8.6,0.3,8.9,nesmiaa01
Aaron Wiggins,Maryland,3,2,1,30,993.0,5.3,12.0,0.443,1.8,5.1,0.346,3.5,6.9,0.515,0.517,1.9,2.4,0.767,1.1,4.7,5.8,2.5,1.1,0.5,2.0,2.5,14.5,103.8,99.3,19.9,0.542,0.432,0.203,4.5,15.9,10.6,17.2,2.1,2.0,14.5,24.9,2.1,1.6,3.7,0.145,4.1,1.7,5.8,wiggiaa01
Al Horford,Florida,3,2,1,38,1058.0,7.0,11.6,0.608,0.0,0.1,0.0,7.0,11.5,0.612,0.608,4.9,7.6,0.644,3.6,10.0,13.6,3.1,1.1,2.6,2.6,3.6,19.0,0.0,0.0,24.5,0.624,0.007,0.66,0.0,0.0,17.2,0.0,0.0,4.7,14.5,17.8,3.5,4.0,7.5,0.283,0.0,0.0,0.0,horfoal01
Alex Caruso,Texas A&M,3,3,0,37,1067.0,3.0,6.0,0.502,0.8,2.1,0.368,2.2,3.9,0.572,0.566,1.4,1.8,0.785,1.1,2.5,3.6,5.0,2.1,0.4,2.4,3.4,8.1,111.6,92.9,18.2,0.598,0.344,0.294,4.1,9.5,6.8,31.1,4.2,1.6,26.8,17.5,1.9,2.4,4.3,0.163,2.5,5.6,8.0,carusal01
Alex Sarr,Perth,0,0,2,24,457.8,8.7,16.6,0.52,1.3,4.6,0.298,7.3,12.0,0.605,0.563,3.9,5.4,0.714,3.3,6.9,10.2,2.0,1.1,3.1,2.6,3.2,22.6,104.746,98.27,11.769,0.595,0.277,0.325,24.028,33.494,29.707,32.154,3.204,36.6,15.6,62.84,0.084,1.354,1.439,0.126,1.526,3.079,4.605,sarral01
Amir Coffey,Minnesota,3,2,1,36,1266.0,5.5,12.6,0.436,1.1,3.8,0.304,4.4,8.9,0.492,0.481,4.5,6.1,0.738,0.7,2.9,3.6,3.2,0.9,0.2,2.3,1.7,16.7,104.9,105.0,16.9,0.537,0.309,0.487,2.2,9.6,5.8,19.9,1.5,0.7,15.4,24.8,2.5,1.3,3.8,0.121,3.5,1.0,4.5,coffeam01
Andre Drummond,Connecticut,1,0,2,34,967.0,4.6,8.6,0.538,0.0,0.1,0.0,4.6,8.5,0.541,0.538,0.8,2.6,0.295,3.4,4.2,7.6,0.4,0.8,2.7,1.5,3.1,10.0,100.7,95.5,21.9,0.509,0.007,0.301,14.2,15.5,15.6,3.4,1.8,9.9,16.0,20.8,1.4,1.5,2.9,0.121,1.8,2.5,4.3,drumman01
Andrew Nembhard,Gonzaga,1,3,0,32,1029.0,4.4,9.7,0.452,1.6,4.2,0.383,2.8,5.5,0.503,0.534,1.5,1.7,0.873,0.4,2.9,3.4,5.8,1.6,0.1,1.9,2.5,11.8,117.3,92.2,18.1,0.564,0.429,0.177,1.6,8.7,5.6,26.3,2.7,0.4,16.6,19.6,2.8,2.2,5.0,0.195,3.7,3.0,6.7,nembhan01
Andrew Wiggins,Kansas,3,0,1,35,1148.0,5.4,12.1,0.448,1.2,3.6,0.341,4.2,8.5,0.493,0.499,5.0,6.5,0.775,2.2,3.7,5.9,1.5,1.2,1.0,2.3,3.3,17.1,112.3,101.7,21.4,0.563,0.299,0.538,8.4,12.3,10.4,9.2,2.1,3.1,15.9,25.1,3.2,1.7,4.9,0.17,5.1,1.8,7.0,wiggian01
Anthony Black,Arkansas,3,0,1,36,1237.0,4.1,9.1,0.453,0.8,2.6,0.301,3.4,6.6,0.513,0.495,3.7,5.3,0.705,1.2,3.8,5.1,3.9,2.1,0.6,3.0,3.0,12.8,102.0,95.6,17.2,0.549,0.283,0.578,4.3,12.8,8.5,20.9,3.4,1.9,22.6,22.2,1.8,2.4,4.2,0.133,2.5,3.4,5.9,blackan01
Anthony Davis,Kentucky,3,0,2,40,1281.0,5.2,8.4,0.623,0.1,0.5,0.15,5.2,7.9,0.653,0.628,3.6,5.1,0.709,3.0,7.4,10.4,1.2,1.4,4.6,1.0,2.4,14.2,133.8,79.6,35.1,0.654,0.059,0.602,11.6,23.9,19.0,7.5,2.5,13.7,10.0,19.1,5.9,4.1,9.9,0.31,9.1,7.6,16.7,davisan02
Anthony Edwards,Georgia,3,0,1,31,1024.0,6.3,15.7,0.4,2.2,7.6,0.291,4.1,8.1,0.502,0.47,4.1,5.3,0.77,0.8,4.5,5.2,2.8,1.3,0.6,2.7,2.7,19.1,103.0,102.8,20.8,0.517,0.485,0.338,2.4,14.5,8.7,17.9,2.3,1.6,15.4,28.8,2.5,1.1,3.6,0.136,4.4,0.5,4.9,edwaran01
Anthony Gill,Virginia,3,3,2,37,1037.0,5.1,8.8,0.58,0.1,0.1,1.0,5.1,8.8,0.577,0.583,3.5,4.7,0.746,2.2,4.0,6.1,0.8,0.6,0.6,1.1,3.3,13.8,122.6,96.8,26.4,0.624,0.006,0.531,10.6,18.2,14.5,5.8,1.5,2.6,10.9,24.0,4.1,1.9,6.0,0.231,5.3,2.0,7.3,gillan01
Austin Reaves,Oklahoma,3,3,0,25,862.0,5.6,12.6,0.443,1.3,4.2,0.305,4.3,8.4,0.512,0.494,5.9,6.8,0.865,0.8,4.6,5.5,4.6,0.9,0.3,3.0,1.9,18.3,110.9,101.8,23.6,0.579,0.334,0.541,2.8,15.1,9.0,27.0,1.5,1.0,17.7,28.4,2.9,1.0,4.0,0.183,5.5,0.9,6.4,reaveau01
Ayo Dosunmu,Illinois,3,2,0,28,984.0,7.5,15.4,0.488,1.1,3.0,0.386,6.4,12.4,0.513,0.526,4.0,5.1,0.783,1.1,5.2,6.3,5.2,1.1,0.2,3.3,2.4,20.1,110.8,95.7,24.0,0.566,0.191,0.333,3.9,15.8,10.4,29.2,1.8,0.6,18.0,29.4,3.3,1.8,5.1,0.207,5.9,2.4,8.3,dosunay01
Bam Adebayo,Kentucky,3,0,1,38,1145.0,5.9,9.9,0.599,0.0,0.0,0.0,5.9,9.9,0.599,0.599,5.4,8.2,0.653,4.1,6.5,10.6,1.1,0.9,2.0,2.2,3.5,17.3,123.7,95.8,22.0,0.624,0.0,0.831,11.1,17.3,14.2,4.7,1.2,4.9,13.9,18.5,3.3,2.3,5.6,0.196,4.5,3.6,8.2,adebaba01
Ben Sheppard,Belmont,1,3,1,31,1062.0,6.8,14.4,0.472,2.5,6.1,0.416,4.3,8.3,0.514,0.56,2.8,4.0,0.694,0.6,4.6,5.2,2.9,1.4,0.2,2.2,2.4,18.8,110.1,103.7,21.8,0.58,0.424,0.277,2.3,15.4,9.0,16.7,2.3,0.5,14.2,26.8,3.0,1.4,4.3,0.158,4.0,-0.3,3.7,sheppbe01
Bennedict Mathurin,Arizona,3,1,1,37,1201.0,5.9,13.1,0.451,2.2,6.0,0.372,3.6,7.0,0.519,0.537,3.7,4.8,0.764,1.4,4.2,5.6,2.5,1.0,0.3,1.8,2.3,17.7,116.9,95.7,21.1,0.577,0.465,0.369,5.1,12.6,9.3,13.8,1.6,0.8,12.9,23.5,4.0,2.2,6.2,0.205,5.7,1.0,6.7,mathube01
Bilal Coulibaly,Paris,0,0,0,27,542.2,4.1,7.7,0.532,1.1,2.6,0.452,3.0,5.1,0.571,0.604,1.8,3.0,0.595,1.8,5.0,6.8,1.8,1.7,0.4,2.0,3.3,11.1,100.726,101.68,10.83,0.615,0.338,0.39,12.449,23.054,18.812,52.023,4.703,8.959,15.6,30.487,0.025,1.461,1.486,0.11,-0.013,1.524,1.512,coulibi01
Bismack Biyombo,Fuenlabrada,0,0,2,14,265.6,5.3,9.7,0.552,0.0,0.0,0.0,5.3,9.7,0.552,0.546,4.3,7.9,0.553,4.6,7.3,11.9,0.7,0.9,5.3,4.0,4.7,15.1,87.913,95.56,12.474,0.573,0.0,0.814,33.676,35.629,34.848,16.746,2.636,98.788,15.6,50.298,-0.049,0.974,0.925,0.139,-0.451,4.01,3.559,biyombi01
Bobby Portis,Arkansas,3,1,2,36,1076.0,6.9,12.9,0.536,0.4,0.8,0.467,6.6,12.1,0.541,0.552,3.2,4.3,0.737,3.7,5.2,8.9,1.2,1.1,1.4,1.6,2.9,17.5,118.9,95.8,29.5,0.582,0.064,0.335,13.6,20.2,16.8,8.8,2.1,4.8,11.5,25.7,4.2,1.9,6.1,0.227,7.3,1.1,8.4,portibo01
Bogdan Bogdanović,Partizan,0,2,1,23,802.2,6.6,16.4,0.401,2.8,7.4,0.37,3.8,9.0,0.426,0.488,2.9,3.8,0.754,0.9,3.8,4.7,4.7,2.0,0.2,4.3,3.3,18.9,84.481,101.29,10.58,0.523,0.451,0.232,3.584,10.088,7.486,94.758,3.186,2.387,15.6,35.635,-0.094,2.116,2.021,0.101,1.216,0.587,1.803,bogdabo01
Bones Hyland,VCU,1,1,0,24,766.0,7.9,17.8,0.447,3.6,9.7,0.371,4.3,8.0,0.539,0.549,4.9,5.7,0.862,0.2,5.7,5.9,2.6,2.3,0.2,3.9,2.8,24.4,107.8,91.2,23.7,0.596,0.547,0.321,0.7,16.3,8.9,16.0,3.5,0.6,15.9,31.8,2.0,1.8,3.8,0.201,5.5,2.7,8.2,hylanbo01
Bradley Beal,Florida,3,0,1,37,1267.0,4.7,10.6,0.445,1.7,5.0,0.339,3.0,5.6,0.541,0.525,3.6,4.7,0.769,1.4,5.4,6.7,2.2,1.4,0.8,2.1,2.4,14.8,112.3,95.5,22.0,0.575,0.473,0.44,4.8,18.1,12.3,12.7,2.5,2.6,17.0,22.4,3.6,2.1,5.7,0.18,5.3,2.3,7.6,bealbr01
Brandin Podziemski,Santa Clara,1,1,1,31,1116.0,7.0,14.4,0.487,2.6,5.8,0.447,4.4,8.6,0.513,0.576,3.6,4.6,0.771,1.8,7.0,8.8,3.7,1.8,0.5,2.3,2.1,19.9,120.5,99.0,26.4,0.608,0.402,0.323,5.5,21.0,13.7,20.8,2.8,1.3,14.0,25.5,4.2,2.0,6.2,0.215,7.5,2.5,10.0,podzibr01
Brandon Clarke,Gonzaga,1,2,2,37,1039.0,6.9,10.1,0.687,0.1,0.4,0.267,6.8,9.7,0.705,0.693,2.9,4.2,0.694,3.1,5.5,8.6,1.9,1.2,3.0,1.5,3.0,16.9,134.3,83.9,37.2,0.699,0.04,0.42,13.9,19.7,17.1,12.1,2.3,10.8,12.7,24.0,5.5,3.2,8.8,0.337,9.5,5.9,15.4,clarkbr01
Brandon Ingram,Duke,3,0,1,36,1246.0,5.9,13.4,0.442,2.2,5.4,0.41,3.7,8.0,0.464,0.525,3.2,4.7,0.682,1.9,4.9,6.8,2.0,1.1,1.4,2.0,2.4,17.3,112.1,103.4,22.5,0.552,0.403,0.351,6.1,15.4,10.8,11.3,1.9,3.6,13.7,24.6,3.4,1.5,4.9,0.157,5.4,1.3,6.7,ingrabr01
Brandon Miller,Alabama,3,0,1,37,1208.0,6.0,13.9,0.43,2.9,7.5,0.384,3.1,6.5,0.483,0.533,3.9,4.6,0.859,2.1,6.2,8.2,2.1,0.9,0.9,2.2,2.9,18.8,117.0,91.0,23.4,0.583,0.535,0.329,6.7,17.7,12.6,12.7,1.5,2.4,14.7,25.0,4.1,2.9,7.0,0.23,7.3,3.6,11.0,millebr02
Brice Sensabaugh,Ohio St.,3,0,1,33,810.0,6.0,12.4,0.482,1.8,4.5,0.405,4.2,7.9,0.525,0.555,2.5,3.0,0.83,1.3,4.1,5.4,1.2,0.5,0.4,2.0,4.0,16.3,112.0,102.7,26.4,0.588,0.361,0.244,6.2,18.9,12.8,10.9,1.3,1.7,15.7,32.1,2.8,1.0,3.8,0.187,7.3,0.3,7.6,sensabr01
Brook Lopez,Stanford,3,1,2,27,830.0,6.8,14.6,0.468,0.0,0.2,0.0,6.8,14.3,0.475,0.468,5.7,7.2,0.789,2.9,5.3,8.2,1.4,0.6,2.1,2.1,3.2,19.3,110.6,90.0,23.5,0.537,0.031,0.494,11.1,19.3,15.3,11.3,1.2,6.8,13.5,32.0,2.0,3.5,5.4,0.261,7.4,3.7,11.1,lopezbr01
Bruce Brown,Miami FL,3,0,1,33,1053.0,4.1,8.8,0.459,1.0,2.9,0.347,3.1,6.0,0.513,0.515,2.7,3.7,0.744,1.5,4.2,5.6,3.2,1.5,0.5,2.0,3.1,11.8,111.5,96.8,16.9,0.559,0.319,0.414,5.6,15.3,12.4,20.7,2.9,1.9,18.2,21.5,0.7,1.2,1.9,0.121,3.7,3.9,7.6,brownbr01
Bub Carrington,Pitt,3,0,0,33,1096.0,5.8,14.1,0.412,2.4,7.4,0.322,3.4,6.7,0.511,0.496,2.7,3.4,0.785,0.6,5.7,6.2,5.0,0.7,0.3,2.3,2.8,16.6,111.5,105.2,16.3,0.53,0.523,0.241,1.6,16.8,8.9,24.0,1.0,0.9,13.0,23.0,2.2,1.4,3.6,0.133,2.6,1.3,3.9,carrica01
Buddy Hield,Oklahoma,3,3,1,37,1309.0,8.1,16.2,0.501,4.0,8.7,0.457,4.2,7.5,0.552,0.623,4.8,5.4,0.88,1.2,4.5,5.7,2.0,1.1,0.5,3.1,2.3,25.0,121.5,100.7,28.2,0.664,0.536,0.333,4.0,13.0,8.8,12.7,1.8,1.4,17.1,28.4,5.7,1.9,7.6,0.233,10.1,1.7,11.8,hieldbu01
CJ McCollum,Lehigh,1,3,0,12,372.0,10.3,20.9,0.495,3.5,6.9,0.516,6.8,14.0,0.485,0.58,6.7,7.8,0.849,1.3,5.2,6.5,3.8,1.8,0.4,3.4,2.3,30.9,118.5,98.1,34.7,0.628,0.33,0.376,4.0,15.8,10.0,24.9,2.7,1.2,12.3,37.2,1.9,0.6,2.4,0.261,9.0,0.3,9.3,mccolcj01
Cade Cunningham,Oklahoma St.,3,0,1,27,956.0,6.5,14.9,0.439,2.3,5.7,0.4,4.2,9.1,0.463,0.516,4.9,5.8,0.846,0.7,5.5,6.2,3.4,1.6,0.8,4.1,2.8,20.2,104.1,96.1,21.6,0.575,0.388,0.389,2.3,16.2,9.6,20.2,2.5,2.3,22.0,28.6,2.3,1.7,4.0,0.166,4.8,2.6,7.4,cunnica01
Caleb Martin,Nevada,1,3,1,34,1161.0,5.9,14.5,0.409,3.1,9.3,0.338,2.8,5.1,0.537,0.517,4.3,5.8,0.732,0.9,4.3,5.1,2.8,1.4,0.8,1.9,2.9,19.2,111.5,93.9,22.7,0.558,0.644,0.402,2.9,13.5,8.3,16.2,2.4,2.6,11.5,26.6,3.4,2.4,5.9,0.202,5.6,2.2,7.7,martica02
Cam Thomas,LSU,3,0,0,29,986.0,8.2,20.3,0.406,2.8,8.5,0.325,5.5,11.8,0.464,0.474,7.9,8.9,0.882,0.7,3.2,4.0,1.7,1.0,0.2,2.0,1.6,27.1,117.9,109.4,24.1,0.553,0.418,0.44,2.0,8.2,5.2,8.3,1.4,0.7,7.5,31.6,4.0,0.5,4.5,0.183,7.1,-0.8,6.3,thomaca02
Cameron Johnson,North Carolina,3,3,1,36,1078.0,5.9,11.6,0.505,2.7,5.8,0.457,3.2,5.8,0.553,0.62,2.5,3.1,0.818,1.8,3.9,5.8,2.4,1.2,0.3,1.5,2.0,16.9,128.9,97.4,24.9,0.647,0.504,0.263,6.5,13.4,10.0,13.8,2.1,1.1,12.8,20.7,4.3,1.9,6.2,0.229,9.0,3.1,12.1,johnsca02
Caris LeVert,Michigan,3,3,0,14,435.0,5.4,10.7,0.5,1.9,4.3,0.45,3.4,6.4,0.533,0.59,3.7,4.7,0.788,0.6,4.8,5.4,4.9,0.9,0.2,1.6,1.7,16.4,126.8,102.2,28.8,0.631,0.401,0.44,2.5,19.0,10.6,32.9,1.8,0.8,11.9,26.0,2.2,0.7,2.8,0.243,7.8,2.6,10.4,leverca01
Cason Wallace,Kentucky,3,0,0,32,1026.0,4.3,9.8,0.446,1.4,4.0,0.346,3.0,5.8,0.514,0.516,1.7,2.2,0.757,0.9,2.8,3.7,4.2,2.0,0.5,2.1,3.0,11.7,112.1,99.2,18.5,0.543,0.407,0.224,3.3,10.3,6.7,24.4,3.7,1.6,19.3,20.3,2.2,1.6,3.9,0.15,3.1,3.9,7.0,wallaca01
Chet Holmgren,Gonzaga,1,0,2,32,861.0,5.3,8.8,0.607,1.3,3.3,0.39,4.0,5.5,0.737,0.68,2.2,3.1,0.717,1.8,8.1,9.9,1.9,0.8,3.5,1.9,3.9,14.1,124.3,78.5,31.3,0.691,0.375,0.354,8.0,28.7,19.6,11.4,1.6,11.9,17.9,21.4,3.3,3.1,6.3,0.294,7.1,7.0,14.1,holmgch01
Chris Boucher,Oregon,3,3,2,30,706.0,4.5,8.6,0.521,1.2,3.4,0.347,3.3,5.3,0.633,0.589,1.6,2.8,0.566,1.7,4.3,6.1,0.4,0.4,2.5,1.0,4.7,11.8,115.5,91.5,25.3,0.59,0.383,0.32,9.3,19.6,14.9,3.1,1.0,11.7,11.3,21.8,2.0,1.8,3.8,0.206,3.6,3.3,6.9,bouchch01
Chris Paul,Wake Forest,3,1,0,32,1069.0,5.4,11.9,0.451,1.7,3.6,0.474,3.6,8.2,0.441,0.524,5.8,7.0,0.834,0.8,4.6,5.4,7.9,2.8,0.0,3.3,3.1,18.3,0.0,0.0,0.0,0.601,0.306,0.59,0.0,0.0,7.5,33.8,0.0,0.1,18.0,21.5,2.9,1.6,4.6,0.171,0.0,0.0,0.0,paulch01
Christian Braun,Kansas,3,2,1,40,1374.0,5.2,10.4,0.495,1.3,3.3,0.386,3.9,7.2,0.545,0.556,2.5,3.4,0.733,1.4,5.1,6.5,2.8,1.0,0.8,2.0,2.1,14.1,114.1,95.9,19.6,0.585,0.316,0.323,4.9,16.0,10.8,14.5,1.6,2.5,16.8,20.2,3.5,2.5,6.0,0.174,5.2,2.8,8.0,braunch01
Clint Capela,Élan,0,1,2,30,723.3,7.8,11.8,0.665,0.0,0.1,0.0,7.8,11.7,0.668,0.661,2.6,4.4,0.575,4.7,8.9,13.6,2.2,1.2,3.1,2.8,4.0,18.2,110.063,98.42,11.232,0.662,0.008,0.373,27.075,34.18,31.338,38.732,2.765,49.128,15.6,38.103,0.1,2.023,2.123,0.117,0.447,3.194,3.641,capelca01
Coby White,North Carolina,3,0,0,35,1000.0,5.4,12.7,0.423,2.3,6.7,0.352,3.0,6.0,0.502,0.516,3.0,3.7,0.8,0.3,3.2,3.5,4.1,1.1,0.3,2.7,2.7,16.1,108.7,98.1,19.2,0.556,0.523,0.293,1.3,11.4,6.4,24.4,2.0,1.3,19.0,26.1,2.4,1.7,4.1,0.165,4.7,2.3,7.0,whiteco01
Cody Martin,Nevada,1,3,0,34,1171.0,4.4,8.8,0.507,1.0,2.8,0.358,3.4,6.0,0.576,0.564,2.2,2.9,0.763,0.9,3.5,4.4,4.9,1.4,0.7,1.9,2.9,12.1,119.0,95.3,19.1,0.596,0.318,0.326,3.0,11.1,7.2,25.6,2.2,2.3,16.7,18.4,3.1,2.3,5.4,0.185,3.1,3.0,6.1,martico01
Cole Anthony,North Carolina,3,0,0,22,767.0,6.0,15.7,0.38,2.2,6.4,0.348,3.7,9.3,0.402,0.451,4.4,5.8,0.75,0.5,5.2,5.7,4.0,1.3,0.3,3.5,3.3,18.5,97.6,101.2,17.5,0.501,0.409,0.371,1.4,16.4,8.7,23.9,2.1,0.9,19.6,29.0,1.2,0.9,2.1,0.108,3.0,1.4,4.3,anthoco01
Collin Sexton,Alabama,3,0,0,33,988.0,5.9,13.3,0.447,1.3,4.0,0.336,4.6,9.3,0.495,0.498,5.9,7.6,0.778,1.0,2.7,3.8,3.6,0.8,0.1,2.8,3.3,19.2,109.6,104.3,23.5,0.567,0.299,0.575,4.0,9.7,7.0,27.8,1.6,0.3,16.2,32.5,3.2,1.2,4.4,0.177,5.4,0.6,6.0,sextoco01
Corey Kispert,Gonzaga,1,3,1,32,1018.0,6.5,12.3,0.529,2.8,6.5,0.44,3.7,5.9,0.628,0.644,2.7,3.1,0.878,0.9,4.0,5.0,1.8,0.9,0.4,1.3,2.1,18.6,131.2,95.9,25.4,0.674,0.524,0.248,3.8,13.9,9.3,9.0,1.5,1.4,10.7,20.7,4.6,1.8,6.4,0.251,8.7,1.7,10.4,kispeco01
D'Angelo Russell,Ohio St.,3,0,0,35,1188.0,6.6,14.7,0.449,2.7,6.6,0.411,3.9,8.1,0.479,0.541,3.4,4.5,0.756,1.0,4.7,5.7,5.0,1.6,0.3,2.9,2.5,19.3,113.6,93.8,26.6,0.573,0.449,0.303,3.6,15.4,9.8,30.1,2.8,1.1,17.3,29.9,4.4,2.4,6.8,0.229,8.2,2.7,10.9,russeda01
Damian Lillard,Weber St.,1,2,0,30,1059.0,7.2,15.8,0.455,2.9,7.2,0.396,4.3,8.5,0.504,0.545,7.2,8.1,0.885,0.5,4.3,4.8,4.1,1.5,0.2,2.3,2.3,24.4,122.3,101.8,34.0,0.621,0.465,0.514,1.9,14.1,9.0,28.0,2.5,0.7,12.0,32.3,6.7,1.4,8.0,0.291,9.1,0.7,9.8,lillada01
Daniel Gafford,Arkansas,3,1,2,32,918.0,6.7,10.1,0.659,0.0,0.0,0.0,6.7,10.1,0.659,0.659,3.6,6.0,0.591,2.8,5.8,8.7,0.7,0.9,2.0,2.4,3.8,16.9,112.3,95.1,28.7,0.651,0.0,0.598,11.2,22.7,16.8,6.0,1.8,8.4,18.2,25.2,2.8,1.8,4.6,0.199,5.1,2.2,7.3,gaffoda01
Darius Garland,Vanderbilt,3,0,0,5,139.0,5.8,10.8,0.537,2.2,4.6,0.478,3.6,6.2,0.581,0.639,2.4,3.2,0.75,0.4,3.4,3.8,2.6,0.8,0.4,3.0,2.0,16.2,110.1,105.1,23.6,0.657,0.426,0.296,1.6,13.7,7.7,25.7,1.7,1.5,23.2,26.9,0.4,0.1,0.5,0.148,3.5,1.1,4.6,garlada01
Davion Mitchell,Baylor,3,2,0,30,974.0,5.3,10.3,0.511,2.1,4.7,0.447,3.2,5.6,0.565,0.613,1.4,2.2,0.652,0.5,2.2,2.7,5.5,1.9,0.4,2.4,2.9,14.1,122.1,95.1,21.8,0.62,0.456,0.214,1.7,8.1,4.8,28.3,3.4,1.3,20.1,21.6,3.5,1.9,5.2,0.215,6.3,3.2,9.5,mitchda01
Day'Ron Sharpe,North Carolina,3,0,2,29,556.0,3.9,7.4,0.519,0.0,0.1,0.0,3.9,7.4,0.523,0.519,1.8,3.5,0.505,3.4,4.2,7.6,1.4,0.8,0.9,2.0,4.2,9.5,101.9,92.3,25.5,0.521,0.009,0.468,18.3,23.8,20.9,15.4,2.3,5.1,20.6,27.5,1.1,1.2,2.3,0.169,3.8,2.6,6.4,sharpda01
De'Aaron Fox,Kentucky,3,0,0,36,1064.0,5.9,12.4,0.478,0.5,1.9,0.246,5.5,10.5,0.52,0.497,4.3,5.9,0.739,0.6,3.4,4.0,4.6,1.5,0.2,2.4,3.4,16.7,110.7,96.1,22.7,0.548,0.154,0.471,2.1,12.2,7.2,28.6,2.7,0.7,15.8,27.6,3.1,2.1,5.1,0.192,3.8,3.3,7.1,foxde01
De'Andre Hunter,Virginia,3,1,1,38,1234.0,5.4,10.4,0.52,1.2,2.8,0.438,4.2,7.6,0.55,0.579,3.2,4.1,0.783,1.4,3.7,5.1,2.0,0.6,0.6,1.4,2.5,15.2,122.9,94.3,24.3,0.618,0.266,0.398,5.6,13.4,9.8,13.0,1.2,2.4,11.8,23.5,4.8,2.6,7.3,0.237,6.8,2.6,9.4,huntede01
De'Anthony Melton,USC,3,0,0,36,972.0,2.8,6.4,0.437,0.6,2.1,0.284,2.2,4.4,0.51,0.483,2.1,3.0,0.706,1.4,3.3,4.7,3.5,1.9,1.0,1.8,3.3,8.3,108.0,99.2,19.2,0.53,0.32,0.472,6.0,13.6,9.9,22.5,4.1,3.9,19.7,19.1,1.7,1.5,3.2,0.133,2.2,4.1,6.3,meltode01
DeAndre Jordan,Texas A&M,3,0,2,34,683.0,3.1,5.2,0.605,0.0,0.0,0.0,3.1,5.2,0.605,0.605,1.5,3.4,0.452,1.9,4.1,6.0,0.4,0.2,1.3,1.6,3.8,7.9,99.3,89.6,23.2,0.574,0.0,0.65,11.0,22.0,12.5,4.4,0.5,6.5,21.8,22.1,1.6,2.8,4.4,0.249,1.3,2.8,4.1,jordade01
DeMar DeRozan,USC,3,0,0,35,1168.0,5.5,10.5,0.523,0.2,1.0,0.167,5.3,9.5,0.562,0.531,2.7,4.2,0.646,2.4,3.3,5.7,1.5,0.9,0.4,2.1,2.5,13.9,108.2,99.6,22.3,0.555,0.098,0.401,9.3,11.6,10.1,9.6,1.6,1.2,17.1,22.3,2.4,1.7,4.1,0.14,3.5,1.4,4.9,derozde01
Dean Wade,Kansas St.,3,3,2,25,761.0,4.9,9.9,0.492,0.9,2.2,0.418,4.0,7.7,0.513,0.538,2.2,2.8,0.789,2.0,4.1,6.1,2.8,0.8,0.5,1.4,2.7,12.9,116.3,92.5,22.7,0.573,0.222,0.286,8.0,16.8,12.4,21.3,1.7,2.2,12.9,22.6,2.3,1.7,4.0,0.208,5.4,3.5,8.9,wadede01
Deandre Ayton,Arizona,3,0,2,35,1172.0,7.9,12.9,0.612,0.3,1.0,0.343,7.5,11.9,0.635,0.625,4.0,5.5,0.733,3.4,8.2,11.6,1.6,0.6,1.9,2.0,2.8,20.1,126.7,97.5,32.6,0.65,0.078,0.424,13.5,28.2,21.4,10.2,1.0,6.1,13.1,26.2,5.5,2.1,7.6,0.259,8.0,1.9,9.9,aytonde01
Dejounte Murray,Washington,3,0,0,34,1139.0,5.9,14.3,0.416,1.0,3.5,0.288,4.9,10.8,0.457,0.451,3.2,4.9,0.663,1.4,4.6,6.0,4.5,1.8,0.3,3.2,3.2,16.1,97.8,100.8,16.8,0.485,0.243,0.342,4.1,13.7,8.8,25.7,2.8,0.8,19.0,26.0,1.2,1.6,2.8,0.099,1.6,1.2,2.9,murrade01
Deni Avdija,Maccabi Tel Aviv,0,0,1,26,412.2,4.4,10.1,0.436,1.4,5.1,0.277,3.0,5.1,0.596,0.505,1.1,1.9,0.556,1.7,5.7,7.3,3.2,1.1,0.7,2.0,5.6,11.3,87.353,103.79,11.099,0.517,0.505,0.188,14.893,33.29,25.581,87.912,3.855,12.624,15.6,45.331,-0.04,1.12,1.081,0.105,0.436,2.103,2.54,avdijde01
Derrick Jones Jr.,Radford,1,0,1,9,42.0,0.4,1.7,0.267,0.1,0.9,0.125,0.3,0.8,0.429,0.3,0.0,0.0,0.0,0.2,0.8,1.0,0.1,0.3,0.0,0.3,5.7,1.0,62.1,95.2,24.2,0.3,0.178,0.0,5.4,21.9,11.0,5.2,4.4,0.0,20.5,21.5,1.8,1.3,3.1,0.193,-8.3,0.8,-7.4,jonesde02
Derrick White,Colorado,3,3,0,33,1083.0,6.2,12.1,0.51,1.7,4.3,0.401,4.5,7.8,0.57,0.581,4.2,5.3,0.805,1.0,3.1,4.1,4.4,1.2,1.4,2.4,2.7,18.1,121.1,103.2,27.3,0.627,0.356,0.435,3.5,10.7,7.0,28.3,2.2,4.8,16.6,25.9,4.5,1.4,5.9,0.211,8.7,2.9,11.7,whitede01
Desmond Bane,TCU,3,3,1,31,1118.0,6.0,13.5,0.445,2.8,6.4,0.439,3.2,7.2,0.45,0.549,1.4,1.8,0.786,1.4,4.9,6.3,3.9,1.5,0.5,2.3,2.4,16.6,112.2,97.0,22.6,0.565,0.477,0.133,4.6,16.6,10.4,26.0,2.4,1.6,16.7,23.5,3.4,1.9,5.3,0.183,6.6,2.3,8.9,banede01
Devin Booker,Kentucky,3,0,1,38,817.0,3.6,7.6,0.47,1.5,3.7,0.411,2.0,3.8,0.527,0.571,1.4,1.7,0.828,0.4,1.6,2.0,1.1,0.4,0.1,1.0,2.8,10.0,121.0,91.1,19.4,0.6,0.491,0.223,2.6,7.8,5.4,10.9,1.3,0.3,13.8,20.5,2.7,1.8,4.5,0.219,5.9,2.3,8.2,bookede01
Devin Vassell,Florida St.,3,1,1,30,862.0,4.8,9.8,0.49,1.5,3.5,0.415,3.3,6.3,0.532,0.565,1.6,2.2,0.738,1.3,3.8,5.1,1.6,1.4,1.0,0.8,2.7,12.7,124.8,92.4,23.8,0.585,0.361,0.221,5.2,15.4,10.4,11.2,2.8,4.1,8.1,18.9,3.0,1.7,4.7,0.218,6.4,3.7,10.1,vassede01
Dillon Brooks,Oregon,3,2,1,34,861.0,5.8,12.0,0.484,1.7,4.1,0.404,4.1,7.9,0.526,0.554,2.6,3.6,0.744,1.0,2.2,3.2,2.7,1.1,0.5,2.1,4.4,16.1,113.3,97.5,25.5,0.582,0.336,0.296,4.7,9.9,7.4,23.0,2.5,2.0,15.8,30.1,3.1,1.6,4.7,0.213,5.7,2.1,7.8,brookdi01
Domantas Sabonis,Gonzaga,1,1,2,35,1122.0,6.5,10.8,0.606,0.1,0.4,0.357,6.4,10.4,0.615,0.612,4.3,5.5,0.768,3.0,8.8,11.8,1.8,0.6,0.9,2.6,4.0,17.5,120.0,90.8,29.3,0.651,0.036,0.513,11.6,28.2,20.7,11.4,1.1,2.7,18.5,26.0,4.6,2.8,7.5,0.26,5.3,2.4,7.6,sabondo01
Donovan Clingan,Connecticut,1,1,2,35,789.0,5.3,8.3,0.639,0.1,0.2,0.25,5.3,8.1,0.65,0.643,2.3,4.0,0.583,2.5,4.9,7.4,1.5,0.5,2.5,0.8,3.6,13.0,130.9,88.5,34.8,0.637,0.027,0.478,13.8,23.4,19.0,13.4,1.4,11.4,8.7,24.6,3.8,2.2,6.0,0.302,8.4,5.7,14.1,clingdo01
Donovan Mitchell,Louisville,3,1,0,34,1098.0,5.3,13.1,0.408,2.4,6.6,0.354,3.0,6.4,0.463,0.498,2.6,3.2,0.806,1.1,3.8,4.9,2.7,2.1,0.5,1.6,3.2,15.6,114.4,93.2,21.8,0.534,0.509,0.243,3.7,12.9,8.3,16.0,3.7,1.7,12.7,23.3,3.0,2.4,5.4,0.197,5.3,4.8,10.1,mitchdo01
Donte DiVincenzo,Villanova,1,1,1,40,1171.0,4.7,9.8,0.481,2.1,5.3,0.401,2.6,4.5,0.575,0.59,1.9,2.7,0.71,1.2,3.6,4.8,3.5,1.0,0.2,2.0,2.8,13.4,119.5,100.4,20.9,0.608,0.542,0.274,4.9,13.8,9.6,20.0,2.1,0.7,17.0,22.8,3.7,1.8,5.5,0.188,5.8,2.3,8.1,divindo01
Dorian Finney-Smith,Florida,3,3,1,36,1143.0,4.7,10.8,0.437,2.0,5.4,0.368,2.7,5.4,0.505,0.528,3.4,4.6,0.733,2.5,5.9,8.3,2.1,0.9,0.8,1.9,2.7,14.7,113.7,95.9,22.1,0.569,0.499,0.426,7.9,19.4,13.5,13.2,1.6,2.6,15.0,22.4,3.1,2.2,5.3,0.185,6.0,2.8,8.8,finnedo01
Doug McDermott,Creighton,1,3,1,35,1181.0,9.4,17.9,0.526,2.7,6.1,0.449,6.7,11.8,0.567,0.603,5.1,5.9,0.864,1.6,5.3,7.0,1.6,0.2,0.1,1.8,2.3,26.7,124.4,104.8,32.8,0.644,0.341,0.329,6.4,17.8,12.6,11.5,0.4,0.5,9.8,32.8,6.3,1.4,7.7,0.261,11.1,-0.9,10.2,mcderdo01
Draymond Green,Michigan St.,3,3,1,37,1229.0,5.7,12.8,0.449,1.4,3.6,0.388,4.3,9.1,0.473,0.504,3.4,4.7,0.723,2.1,8.5,10.6,3.8,1.5,1.0,3.0,3.4,16.2,107.3,83.2,26.1,0.542,0.284,0.367,8.2,28.5,19.8,24.2,2.7,3.4,19.7,28.2,3.5,3.6,7.1,0.23,6.0,5.0,11.0,greendr01
Drew Eubanks,Oregon St.,3,2,2,32,1003.0,5.1,8.2,0.624,0.0,0.0,0.0,5.1,8.2,0.624,0.624,2.9,4.2,0.701,1.8,5.0,6.8,1.1,0.5,1.7,1.8,3.5,13.2,117.0,101.6,21.6,0.646,0.0,0.51,7.3,18.7,13.1,7.3,0.9,6.4,17.2,19.1,2.6,1.4,4.0,0.16,2.2,1.5,3.7,eubandr01
Duncan Robinson,Michigan,3,3,1,40,1033.0,2.9,6.7,0.44,1.9,4.8,0.381,1.1,1.8,0.597,0.579,1.4,1.6,0.891,0.5,2.0,2.4,1.1,0.7,0.4,0.6,3.8,9.2,121.6,98.2,15.8,0.616,0.733,0.241,2.2,9.5,5.7,7.4,1.6,1.7,9.3,15.8,2.5,1.9,4.4,0.167,2.5,3.1,5.6,robindu01
Dwight Powell,Stanford,3,3,1,36,1167.0,4.9,10.5,0.462,0.3,1.1,0.256,4.6,9.4,0.485,0.475,4.0,5.9,0.687,1.9,4.9,6.9,3.1,1.3,0.8,2.9,3.9,14.0,101.3,98.5,19.7,0.527,0.103,0.557,7.3,17.3,12.5,20.4,2.4,2.8,19.6,26.8,1.8,2.0,3.8,0.131,2.3,2.5,4.8,poweldw01
Dyson Daniels,Australia,0,0,0,3,96.7,6.0,11.4,0.52,2.3,5.6,0.417,3.7,6.0,0.615,0.627,1.3,2.3,0.6,1.9,6.9,8.8,6.0,1.3,0.9,3.7,2.3,15.7,97.443,101.28,17.011,0.632,0.491,0.202,8.187,19.821,15.167,130.435,2.241,14.682,15.6,27.77,0.016,0.352,0.367,0.152,1.072,1.226,2.298,daniedy01
Eric Gordon,Indiana,3,0,0,32,1110.0,5.8,13.3,0.433,2.2,6.5,0.337,3.6,6.8,0.525,0.515,7.2,8.7,0.834,0.7,2.5,3.2,2.4,1.3,0.6,3.6,2.5,20.9,110.7,98.5,24.6,0.601,0.489,0.652,2.6,8.0,5.5,15.2,2.3,2.0,20.7,29.7,4.2,1.8,6.0,0.217,5.8,0.9,6.6,gordoer01
Evan Mobley,USC,3,0,2,33,1120.0,6.0,10.3,0.578,0.4,1.2,0.3,5.6,9.1,0.615,0.595,4.1,5.8,0.694,2.7,5.9,8.7,2.4,0.8,2.8,2.2,2.1,16.4,119.4,90.4,29.1,0.624,0.117,0.566,9.7,18.8,14.5,14.1,1.4,8.7,16.6,23.4,4.3,2.6,6.9,0.248,7.3,5.3,12.6,mobleev01
Franz Wagner,Michigan,3,1,1,28,887.0,4.4,9.3,0.477,1.2,3.6,0.343,3.2,5.6,0.563,0.544,2.4,2.8,0.835,0.7,5.8,6.5,3.0,1.2,1.0,1.3,2.8,12.5,119.5,91.2,22.1,0.587,0.392,0.304,2.9,19.6,12.1,17.4,2.3,3.2,12.5,19.4,2.7,2.0,4.7,0.21,5.2,5.4,10.6,wagnefr01
Fred VanVleet,Wichita St.,1,3,0,31,900.0,3.8,9.8,0.39,1.4,3.6,0.381,2.5,6.2,0.396,0.461,3.2,3.9,0.817,0.4,2.9,3.2,5.5,1.8,0.1,1.7,2.4,12.2,112.7,88.0,22.3,0.523,0.37,0.393,1.3,11.9,6.4,39.6,3.7,0.4,14.6,24.7,2.5,2.4,4.9,0.219,4.9,4.8,9.7,vanvlfr01
Gabe Vincent,UC Santa Barbara,1,3,0,30,874.0,4.5,10.0,0.45,1.8,4.7,0.373,2.7,5.3,0.519,0.538,2.2,2.7,0.805,0.1,1.8,1.9,3.2,1.1,0.2,1.2,4.0,12.4,116.7,104.8,17.9,0.574,0.476,0.273,0.4,7.1,3.7,20.9,2.2,0.7,11.9,20.8,2.5,1.2,3.7,0.159,2.2,0.6,2.8,vincega01
Garrett Temple,LSU,3,3,0,35,1060.0,2.2,6.0,0.362,0.8,2.7,0.309,1.3,3.3,0.405,0.431,1.9,2.3,0.805,1.3,3.2,4.5,3.8,1.7,0.7,1.9,3.7,7.1,104.4,95.6,21.5,0.496,0.448,0.39,4.8,11.7,8.3,21.3,3.3,2.3,23.4,15.9,0.6,2.7,3.3,0.123,0.7,3.1,3.9,templga01
Gary Harris,Michigan St.,3,1,0,35,1131.0,5.6,13.0,0.429,2.3,6.6,0.352,3.3,6.4,0.507,0.518,3.3,4.1,0.81,1.1,2.9,4.0,2.7,1.8,0.4,1.7,2.6,16.7,114.4,98.3,22.5,0.561,0.505,0.312,4.0,10.2,7.3,16.8,3.4,1.6,12.7,25.3,3.3,2.0,5.3,0.188,6.4,2.9,9.3,harriga01
Gary Payton II,Oregon St.,3,3,0,31,1066.0,6.4,13.3,0.483,0.7,2.2,0.319,5.7,11.1,0.516,0.51,2.4,3.7,0.647,2.4,5.5,7.9,5.0,2.5,0.5,2.3,3.0,16.0,110.7,96.9,25.9,0.53,0.166,0.282,7.7,18.2,12.8,32.6,4.2,1.5,14.4,26.5,3.0,2.1,5.0,0.184,6.5,4.1,10.6,paytoga02
Gary Trent Jr.,Duke,3,0,1,37,1249.0,4.8,11.5,0.415,2.6,6.5,0.402,2.2,5.0,0.43,0.528,2.3,2.6,0.876,0.8,3.4,4.2,1.4,1.2,0.1,1.0,2.0,14.5,122.3,101.7,16.7,0.567,0.564,0.227,2.9,10.3,6.8,6.8,2.0,0.4,9.9,17.3,3.3,1.8,5.1,0.163,3.9,1.9,5.8,trentga02
Georges Niang,Iowa St.,3,3,1,35,1162.0,8.1,14.8,0.546,1.6,4.1,0.392,6.5,10.7,0.605,0.6,2.7,3.4,0.807,1.3,4.9,6.2,3.3,0.9,0.6,2.6,3.8,20.5,116.9,103.7,25.9,0.625,0.276,0.23,4.8,15.6,10.6,19.2,1.5,1.8,15.8,28.0,4.2,1.4,5.6,0.192,6.7,1.3,7.9,niangge01
Giannis Antetokounmpo,Greece,0,0,1,5,138.9,7.7,14.7,0.522,0.7,2.9,0.222,7.0,11.9,0.595,0.548,7.7,10.9,0.706,1.6,12.4,14.1,3.9,3.9,1.0,4.1,5.8,23.7,100.441,96.35,16.976,0.608,0.197,0.741,7.999,41.33,28.198,69.395,7.799,13.132,15.6,47.188,0.051,0.592,0.644,0.185,1.499,4.546,6.045,antetgi01
Goga Bitadze,Budućnost,0,0,2,13,350.0,6.4,11.8,0.548,0.7,2.0,0.313,5.9,9.8,0.597,0.572,6.3,8.9,0.714,4.2,6.3,10.6,1.9,0.8,3.8,2.3,6.0,19.9,110.457,99.16,12.289,0.633,0.169,0.754,21.667,21.667,21.873,39.256,1.651,60.222,15.6,37.176,0.111,1.105,1.216,0.139,1.007,2.233,3.241,bitadgo01
Gradey Dick,Kansas,3,0,1,36,1177.0,4.8,10.9,0.442,2.3,5.7,0.403,2.5,5.2,0.484,0.547,2.1,2.5,0.854,1.1,4.0,5.1,1.7,1.4,0.2,1.2,2.6,14.1,115.3,97.5,18.4,0.581,0.523,0.226,4.0,13.5,8.9,9.4,2.5,0.8,11.4,19.2,2.8,2.1,4.9,0.165,4.3,2.3,6.5,dickgr01
Grant Williams,Tennessee,3,2,1,36,1148.0,6.4,11.2,0.565,0.4,1.2,0.318,6.0,10.0,0.596,0.583,5.9,7.2,0.818,2.2,5.3,7.5,3.2,1.1,1.5,2.2,3.8,18.8,124.5,97.0,30.6,0.647,0.111,0.637,8.8,17.4,13.3,18.3,2.0,5.3,15.2,27.0,5.6,2.3,7.9,0.267,8.1,3.7,11.8,willigr01
Grayson Allen,Duke,3,3,0,37,1316.0,4.9,11.7,0.418,2.8,7.5,0.37,2.1,4.2,0.503,0.536,2.9,3.4,0.85,0.5,2.8,3.3,4.6,1.7,0.1,2.1,2.4,15.5,121.1,101.1,18.8,0.58,0.637,0.293,1.8,8.0,5.1,21.2,2.8,0.2,16.7,20.3,4.0,2.0,5.9,0.179,4.6,2.7,7.3,allengr01
Guerschon Yabusele,Rouen,0,1,1,34,1083.3,6.0,11.0,0.539,1.1,2.6,0.426,4.9,8.6,0.572,0.595,3.1,4.0,0.765,3.6,6.0,9.6,1.4,1.6,0.7,2.2,3.4,16.0,106.952,101.44,10.587,0.627,0.236,0.364,15.693,17.436,16.739,30.435,2.79,11.765,15.6,26.085,0.072,2.823,2.895,0.107,0.483,1.135,1.617,yabusgu01
Harrison Barnes,North Carolina,3,1,1,38,1111.0,6.0,13.7,0.44,1.3,3.6,0.358,4.7,10.1,0.469,0.487,3.7,5.1,0.723,1.9,3.3,5.2,1.1,1.1,0.3,1.9,2.4,17.1,108.2,94.6,21.2,0.528,0.263,0.374,6.9,11.0,9.4,7.2,2.0,1.1,14.0,26.0,3.1,1.9,5.0,0.181,4.3,1.7,6.0,barneha02
Herbert Jones,Alabama,3,3,1,33,900.0,3.9,8.8,0.446,0.6,1.7,0.351,3.3,7.0,0.47,0.481,2.8,3.9,0.715,2.5,4.1,6.6,3.3,1.7,1.1,2.8,4.2,11.2,103.3,89.8,20.6,0.529,0.197,0.45,9.4,15.2,12.3,21.7,3.4,4.0,22.9,24.3,1.7,2.2,3.9,0.172,3.0,4.7,7.7,joneshe01
Immanuel Quickley,Kentucky,3,1,1,30,986.0,4.6,11.0,0.417,2.1,4.8,0.428,2.5,6.2,0.409,0.511,4.8,5.2,0.923,0.5,3.7,4.2,1.9,0.9,0.1,1.6,2.8,16.1,117.9,98.5,20.4,0.595,0.438,0.471,2.1,11.9,7.4,11.7,1.6,0.5,12.8,22.2,3.4,1.4,4.8,0.192,4.9,1.5,6.3,quickim01
Isaac Okoro,Auburn,3,0,1,28,880.0,4.5,8.7,0.512,0.7,2.5,0.286,3.8,6.2,0.603,0.553,3.2,4.8,0.672,1.9,2.5,4.4,2.0,0.9,0.9,2.0,3.5,12.9,112.8,100.2,19.1,0.585,0.288,0.549,6.4,8.8,7.6,13.1,1.7,3.1,17.6,20.0,2.3,1.1,3.4,0.156,3.3,2.0,5.3,okorois01
Isaiah Collier,USC,3,0,0,27,804.0,5.7,11.6,0.49,1.0,3.0,0.338,4.7,8.7,0.543,0.533,3.9,5.8,0.673,0.6,2.3,2.9,4.3,1.5,0.2,3.3,3.2,16.3,102.9,107.1,19.3,0.567,0.255,0.497,2.5,8.7,5.6,31.1,2.9,0.8,21.1,30.2,1.4,0.8,2.2,0.11,3.0,0.5,3.5,colliis01
Isaiah Hartenstein,Žalgiris,0,0,2,5,17.8,5.0,12.6,0.4,0.0,5.0,0.0,5.0,7.6,0.667,0.397,2.6,2.6,1.0,0.0,10.0,10.0,2.6,0.0,0.0,5.0,5.0,12.6,67.222,107.5,31.236,0.458,0.397,0.206,0.0,260.092,156.055,65.0,0.0,0.0,15.6,292.509,-0.208,0.045,-0.164,-0.368,-0.203,19.307,19.105,harteis01
Isaiah Jackson,Kentucky,3,0,2,25,516.0,3.0,5.5,0.54,0.0,0.1,0.0,3.0,5.4,0.548,0.54,2.5,3.6,0.7,2.1,4.5,6.6,0.7,0.8,2.6,1.5,5.8,8.4,108.0,89.6,25.3,0.587,0.015,0.657,11.3,23.4,17.3,7.5,2.1,12.8,19.8,21.3,1.2,1.2,2.4,0.187,1.9,5.5,7.4,jacksis01
Isaiah Joe,Arkansas,3,1,1,26,937.0,5.1,13.8,0.367,3.6,10.6,0.342,1.5,3.3,0.447,0.497,3.1,3.5,0.89,0.5,3.6,4.1,1.7,1.4,0.3,1.7,2.0,16.9,104.6,98.1,17.5,0.544,0.764,0.253,1.7,11.5,6.6,10.0,2.2,0.8,11.7,22.9,1.8,1.4,3.2,0.136,3.7,0.7,4.3,joeis01
Isaiah Stewart,Washington,3,0,2,32,1034.0,6.0,10.5,0.57,0.2,0.6,0.25,5.8,9.9,0.59,0.577,4.8,6.2,0.774,2.8,6.0,8.8,0.8,0.5,2.1,2.2,3.2,17.0,115.7,92.6,26.9,0.629,0.059,0.591,10.6,19.4,15.5,6.3,0.9,7.0,16.1,24.2,3.7,2.0,5.7,0.222,4.5,2.1,6.6,stewais01
Ja Morant,Murray St.,1,1,0,31,1135.0,8.1,16.4,0.492,1.8,4.9,0.368,6.3,11.5,0.545,0.547,6.8,8.4,0.815,1.2,4.5,5.7,9.9,1.8,0.8,5.2,1.6,24.5,115.6,97.0,31.6,0.608,0.296,0.51,4.1,12.6,8.6,51.4,2.4,2.2,22.0,36.0,5.8,2.4,8.2,0.273,8.3,1.7,10.0,moranja01
Jabari Smith Jr.,Auburn,3,0,1,34,978.0,7.5,17.5,0.429,3.2,7.7,0.42,4.3,9.8,0.435,0.521,5.4,6.7,0.799,1.3,9.0,10.3,2.8,1.5,1.4,2.6,2.9,23.6,116.5,90.7,25.1,0.57,0.44,0.384,3.5,23.5,13.6,14.0,2.1,3.8,11.1,27.6,3.2,2.3,5.6,0.227,7.4,3.8,11.1,smithja05
Jabari Walker,Colorado,3,1,2,33,928.0,4.8,10.5,0.461,1.1,3.2,0.346,3.8,7.4,0.51,0.513,3.8,4.9,0.784,2.1,7.3,9.4,1.2,0.7,0.7,2.3,3.6,14.6,106.7,92.7,23.0,0.57,0.3,0.467,8.9,29.3,19.5,10.0,1.5,2.6,17.8,27.0,2.3,2.0,4.3,0.185,3.3,1.4,4.7,walkeja01
Jaden Hardy,GLI,2,0,0,12,386.0,6.7,19.1,0.351,2.0,7.3,0.269,4.8,11.8,0.402,0.402,2.8,3.2,0.882,0.6,4.6,5.1,3.5,1.4,0.4,3.9,2.7,19.8,85.0,111.0,9.2,0.482,0.38,0.166,1.8,14.1,8.0,15.6,2.0,1.0,16.0,30.0,-1.1,0.4,-0.7,-0.092,0.0,0.0,0.0,hardyja02
Jaden Ivey,Purdue,3,1,1,36,1132.0,5.6,12.2,0.461,1.8,5.0,0.358,3.9,7.2,0.533,0.534,4.3,5.8,0.744,0.7,4.2,4.9,3.1,0.9,0.6,2.6,2.2,17.3,111.6,101.5,22.5,0.58,0.406,0.47,2.7,15.0,9.3,19.2,1.7,2.0,17.9,27.7,3.7,1.4,5.1,0.181,5.5,1.0,6.5,iveyja01
Jaden McDaniels,Washington,3,0,1,31,962.0,4.4,10.8,0.405,1.4,4.1,0.339,3.0,6.7,0.445,0.469,2.8,3.7,0.763,1.1,4.7,5.8,2.1,0.8,1.3,3.2,4.3,13.0,91.9,94.5,14.6,0.515,0.378,0.339,4.4,15.7,10.6,14.4,1.4,4.4,23.4,25.2,0.6,1.7,2.3,0.096,-0.3,1.7,1.5,mcdanja02
Jae'Sean Tate,Ohio St.,3,3,1,34,1006.0,5.0,9.0,0.557,0.3,1.0,0.314,4.7,8.0,0.588,0.575,1.9,3.2,0.591,1.3,4.9,6.2,2.9,1.1,0.6,2.2,4.3,12.3,108.6,96.6,19.8,0.582,0.114,0.358,5.4,18.9,12.5,18.7,2.1,2.2,19.3,22.7,2.0,1.9,4.0,0.158,2.6,3.4,6.0,tateja01
Jaime Jaquez Jr.,UCLA,3,3,1,37,1230.0,7.1,14.7,0.481,0.9,2.8,0.317,6.2,11.9,0.519,0.511,2.8,3.6,0.77,2.6,5.6,8.2,2.4,1.5,0.6,1.8,2.2,17.8,113.1,88.0,25.7,0.543,0.192,0.249,9.0,20.2,14.6,14.6,2.8,2.2,11.9,27.2,3.8,3.3,7.1,0.23,6.1,3.5,9.5,jaqueja01
Jake LaRavia,Wake Forest,3,2,1,33,1127.0,5.0,9.0,0.557,0.8,2.2,0.384,4.2,6.8,0.613,0.604,3.7,4.8,0.777,2.1,4.5,6.6,3.7,1.7,0.9,2.7,3.3,14.6,118.6,95.2,22.9,0.647,0.246,0.527,7.5,14.1,11.1,20.0,2.7,2.9,20.2,21.6,3.7,2.1,5.8,0.206,4.5,3.5,7.9,laravja01
Jakob Poeltl,Utah,3,1,2,35,1071.0,6.3,9.9,0.64,0.0,0.0,0.0,6.3,9.9,0.64,0.64,4.6,6.6,0.697,2.8,6.2,9.1,1.9,0.6,1.5,2.0,3.0,17.3,124.0,98.0,31.1,0.662,0.0,0.666,11.9,22.0,17.4,13.9,1.2,4.8,14.9,26.0,4.9,1.9,6.8,0.25,7.2,2.5,9.7,poeltja01
Jalen Brunson,Villanova,1,2,0,40,1272.0,6.8,12.9,0.521,2.1,5.3,0.408,4.6,7.7,0.599,0.604,3.2,4.0,0.802,0.3,2.8,3.0,4.6,0.9,0.0,1.8,2.5,18.9,128.5,103.2,26.1,0.635,0.407,0.313,1.2,9.7,5.6,26.6,1.7,0.1,12.3,26.1,6.0,1.7,7.7,0.241,7.8,1.7,9.5,brunsja01
Jalen Duren,Memphis,1,0,2,29,733.0,4.9,8.1,0.597,0.0,0.0,0.0,4.9,8.1,0.6,0.597,2.2,3.6,0.625,3.0,5.2,8.1,1.3,0.8,2.1,2.2,4.3,12.0,109.5,91.1,25.3,0.608,0.004,0.441,14.0,21.5,18.0,10.5,1.8,9.9,21.6,23.0,1.8,1.7,3.5,0.19,3.5,3.1,6.6,durenja01
Jalen Green,GLI,2,0,0,15,480.0,7.0,15.3,0.461,2.3,6.4,0.365,4.7,8.9,0.529,0.537,2.2,2.6,0.829,0.6,4.0,4.6,3.2,1.7,0.3,3.0,1.9,20.2,102.0,112.0,15.3,0.613,0.417,0.172,1.9,11.6,6.9,13.5,2.3,0.8,15.4,23.4,0.0,0.5,0.4,0.044,0.0,0.0,0.0,greenja05
Jalen Johnson,Duke,3,0,2,13,278.0,4.4,8.3,0.528,0.6,1.4,0.444,3.8,6.9,0.544,0.565,1.8,2.9,0.632,1.5,4.5,6.0,2.2,1.2,1.2,2.5,4.2,11.2,102.6,94.7,25.8,0.579,0.165,0.352,7.9,25.3,16.6,20.5,3.1,6.0,23.8,28.8,0.6,0.5,1.1,0.162,4.0,3.7,7.7,johnsja05
Jalen Suggs,Gonzaga,1,0,0,30,868.0,5.1,10.2,0.502,1.2,3.5,0.337,4.0,6.8,0.586,0.559,2.9,3.8,0.754,0.6,4.7,5.3,4.5,1.9,0.3,2.9,3.6,14.3,110.4,90.2,22.6,0.594,0.338,0.371,2.7,18.0,11.0,23.7,3.5,1.1,21.5,25.3,2.5,2.1,4.6,0.21,4.3,4.2,8.5,suggsja01
Jalen Williams,Santa Clara,1,2,0,33,1149.0,6.6,12.9,0.513,1.3,3.2,0.396,5.4,9.7,0.551,0.562,3.5,4.3,0.809,0.6,3.8,4.4,4.2,1.2,0.5,2.1,3.0,18.0,116.1,101.6,22.8,0.601,0.248,0.33,2.0,11.7,7.2,22.7,1.9,1.5,13.6,24.9,3.8,1.5,5.3,0.184,4.6,0.9,5.5,willija06
Jalen Wilson,Kansas,3,2,1,36,1273.0,6.9,16.0,0.43,1.9,5.8,0.337,4.9,10.2,0.482,0.49,4.4,5.5,0.799,1.6,6.7,8.2,2.2,0.9,0.5,2.3,2.4,20.1,106.2,96.4,21.0,0.54,0.362,0.346,5.2,20.8,13.3,12.5,1.5,1.4,13.4,28.2,2.9,2.4,5.3,0.168,4.6,1.3,5.9,wilsoja03
Jamal Murray,Kentucky,3,0,1,36,1267.0,6.8,14.9,0.454,3.1,7.7,0.408,3.6,7.2,0.502,0.559,3.3,4.2,0.783,1.5,3.7,5.2,2.2,1.0,0.3,2.3,2.4,20.0,118.0,101.1,22.7,0.59,0.515,0.283,4.9,11.1,8.2,12.1,1.6,0.9,15.3,25.4,4.4,1.7,6.1,0.193,8.0,0.9,8.9,murraja01
Jamal Shead,Houston,3,3,0,37,1149.0,4.8,11.7,0.409,1.2,3.8,0.309,3.6,7.9,0.456,0.458,2.2,2.8,0.779,0.9,2.8,3.7,6.3,2.2,0.5,2.0,2.5,12.9,113.1,88.2,22.6,0.495,0.321,0.24,3.3,10.5,6.8,40.4,4.3,2.0,15.4,26.4,3.1,3.2,6.3,0.22,5.9,5.7,11.6,sheadja01
James Harden,Arizona St.,3,1,0,35,1254.0,6.3,12.9,0.489,1.7,4.7,0.356,4.7,8.3,0.564,0.553,5.8,7.7,0.756,1.4,4.2,5.6,4.2,1.7,0.3,3.4,3.2,20.1,112.8,95.6,25.5,0.607,0.361,0.597,5.5,14.6,10.4,29.2,3.1,1.1,19.0,32.6,5.1,2.0,7.2,0.229,6.9,2.9,9.8,hardeja01
James Wiseman,Memphis,1,0,2,3,69.0,6.7,8.7,0.769,0.0,0.3,0.0,6.7,8.3,0.8,0.769,6.3,9.0,0.704,4.3,6.3,10.7,0.3,0.3,3.0,1.0,2.9,19.7,140.6,80.0,52.7,0.76,0.038,1.038,21.8,26.5,24.4,4.4,0.8,13.6,8.8,26.8,0.5,0.2,0.7,0.434,11.9,5.3,17.2,wisemja01
Jarace Walker,Houston,1,0,1,36,998.0,4.4,9.4,0.463,1.0,2.8,0.347,3.4,6.6,0.513,0.515,1.5,2.2,0.662,2.3,4.5,6.8,1.8,1.0,1.3,1.5,3.0,11.2,112.3,86.3,22.1,0.533,0.297,0.236,9.5,18.1,14.0,12.4,2.2,6.2,14.9,22.0,2.4,2.8,5.2,0.211,4.0,3.7,7.7,walkeja02
Jaren Jackson Jr.,Michigan St.,3,0,2,35,765.0,3.4,6.6,0.513,1.1,2.7,0.396,2.3,3.9,0.596,0.595,3.0,3.8,0.797,1.5,4.3,5.8,1.1,0.6,3.0,1.8,5.9,10.9,116.8,85.9,26.9,0.647,0.414,0.573,8.7,19.7,15.0,9.3,1.6,14.2,20.8,22.8,2.3,2.2,4.6,0.239,3.9,6.7,10.6,jacksja02
Jarred Vanderbilt,Kentucky,3,0,2,14,238.0,2.1,4.9,0.426,0.0,0.1,0.0,2.1,4.8,0.433,0.426,1.7,2.7,0.632,3.3,4.6,7.9,1.0,0.4,0.8,1.1,6.2,5.9,107.3,92.9,21.6,0.476,0.015,0.559,23.2,27.9,25.7,10.7,1.4,5.3,15.7,22.9,0.5,0.5,1.0,0.172,3.0,2.1,5.0,vandeja01
Jarrett Allen,Texas,3,0,2,33,1061.0,5.4,9.6,0.566,0.0,0.2,0.0,5.4,9.4,0.579,0.566,2.5,4.5,0.564,3.0,5.4,8.4,0.8,0.6,1.5,2.5,2.6,13.4,101.9,99.0,20.3,0.571,0.022,0.472,11.0,18.8,14.9,5.5,1.0,5.0,20.1,22.9,1.5,1.7,3.3,0.124,2.0,2.1,4.1,allenja01
Javonte Green,Radford,1,3,1,31,813.0,5.5,10.2,0.533,0.0,0.3,0.111,5.4,9.9,0.545,0.535,4.7,6.7,0.702,2.9,6.2,9.0,1.3,1.9,0.9,2.0,3.9,15.4,112.8,91.2,33.4,0.583,0.026,0.656,12.3,27.2,20.0,11.0,4.4,3.5,15.6,29.8,3.5,2.2,5.7,0.256,5.7,1.9,7.5,greenja02
Jaxson Hayes,Texas,3,0,2,32,747.0,3.8,5.3,0.728,0.0,0.0,0.0,3.8,5.3,0.728,0.728,2.3,3.1,0.74,1.8,3.2,5.0,0.3,0.6,2.2,0.9,5.7,10.0,133.8,94.8,27.0,0.739,0.0,0.592,8.8,16.2,12.5,2.6,1.5,10.6,13.9,16.9,2.8,1.5,4.3,0.23,4.0,5.0,9.0,hayesja02
Jaylen Brown,California,3,0,1,34,939.0,4.8,11.1,0.431,0.9,3.0,0.294,3.9,8.1,0.482,0.471,4.2,6.4,0.654,1.1,4.3,5.4,2.0,0.8,0.6,3.1,4.6,14.6,95.4,96.2,17.6,0.518,0.27,0.574,4.5,16.5,10.8,15.1,1.7,2.2,21.0,30.9,1.0,1.8,2.7,0.117,0.6,2.0,2.6,brownja02
Jaylen Wells,Washington St.,3,2,1,34,994.0,4.1,9.4,0.436,2.1,4.9,0.417,2.0,4.4,0.457,0.545,2.3,2.8,0.811,1.2,3.4,4.6,1.2,0.5,0.1,0.7,2.5,12.5,125.4,103.1,18.6,0.584,0.527,0.298,5.0,13.1,9.2,7.9,1.1,0.5,7.4,18.9,3.1,1.4,4.5,0.181,5.2,1.1,6.3,wellsja01
Jaylin Williams,Arkansas,3,1,2,37,1171.0,3.8,8.3,0.461,0.5,1.9,0.239,3.4,6.4,0.527,0.489,2.8,3.8,0.729,1.5,8.3,9.8,2.6,1.3,1.1,1.8,3.3,10.9,106.0,88.4,18.9,0.538,0.231,0.455,5.3,29.3,17.2,15.3,2.3,4.0,17.0,18.6,1.9,3.0,4.9,0.167,2.2,4.7,6.8,willija07
Jayson Tatum,Duke,3,0,1,29,966.0,5.7,12.6,0.452,1.4,4.0,0.342,4.3,8.6,0.504,0.507,4.1,4.8,0.849,1.3,6.0,7.3,2.1,1.3,1.1,2.6,3.6,16.8,108.9,96.6,22.0,0.566,0.321,0.381,4.9,19.7,12.6,12.4,2.3,3.2,17.7,25.4,2.3,1.8,4.1,0.169,4.0,2.6,6.7,tatumja01
Jerami Grant,Syracuse,3,1,2,32,1005.0,4.2,8.4,0.496,0.0,0.2,0.0,4.2,8.2,0.506,0.496,3.8,5.6,0.674,2.4,4.3,6.8,1.4,0.8,0.6,1.2,3.0,12.1,115.6,97.9,21.6,0.547,0.019,0.664,9.1,17.2,13.0,9.4,1.7,2.5,11.3,21.4,2.8,1.9,4.6,0.185,3.4,1.8,5.2,grantje01
Jeremiah Robinson-Earl,Villanova,1,1,1,25,862.0,6.2,12.5,0.497,0.9,3.3,0.28,5.3,9.2,0.574,0.534,2.4,3.4,0.714,2.5,6.0,8.5,2.2,1.0,0.6,1.6,2.6,15.7,114.1,98.2,23.4,0.558,0.263,0.269,8.6,21.2,14.8,13.5,1.7,2.3,11.8,24.1,2.7,1.3,4.1,0.189,5.1,1.6,6.8,robinje02
Jeremy Sochan,Baylor,3,0,1,30,754.0,3.3,7.0,0.474,0.8,2.7,0.296,2.5,4.3,0.585,0.531,1.8,3.0,0.589,2.0,4.4,6.4,1.8,1.3,0.7,1.6,3.7,9.2,108.8,89.0,19.6,0.546,0.384,0.427,8.9,20.6,14.7,12.3,2.9,3.2,18.1,20.0,1.6,1.9,3.4,0.182,3.3,3.8,7.1,sochaje01
Jericho Sims,Texas,3,3,2,26,638.0,3.6,5.3,0.686,0.0,0.0,0.0,3.6,5.2,0.691,0.686,2.0,3.8,0.52,2.2,5.1,7.2,0.7,0.7,1.1,1.6,4.1,9.2,112.1,92.7,21.7,0.65,0.0,0.73,10.3,22.0,16.4,5.4,1.7,4.6,20.7,18.3,1.5,1.4,2.9,0.181,3.0,2.9,5.9,simsje01
Jevon Carter,West Virginia,3,3,0,37,1311.0,5.8,13.8,0.422,2.1,5.3,0.393,3.7,8.5,0.441,0.498,3.6,4.2,0.858,0.8,3.9,4.6,6.6,3.0,0.4,2.6,3.4,17.3,117.3,94.3,24.9,0.549,0.385,0.305,2.3,12.9,7.5,35.2,4.8,1.2,16.8,25.1,4.3,2.8,7.0,0.214,6.5,4.6,11.1,carteje01
Jimmy Butler,Marquette,1,3,0,37,1282.0,5.8,11.9,0.49,0.6,1.8,0.345,5.2,10.1,0.515,0.516,5.9,7.5,0.783,2.8,4.2,7.0,2.7,1.7,0.4,1.7,1.5,18.2,126.8,102.5,24.0,0.587,0.152,0.628,8.2,12.0,10.1,13.2,2.4,1.1,9.8,21.3,4.8,1.5,6.3,0.198,7.2,2.2,9.4,butleji01
Jock Landale,Saint Mary's,1,3,2,36,1199.0,8.4,13.1,0.64,0.1,0.3,0.3,8.3,12.8,0.648,0.644,4.3,5.8,0.746,2.9,7.2,10.2,2.0,0.4,1.0,2.3,3.6,21.1,125.7,97.4,33.7,0.668,0.021,0.445,12.5,26.6,20.2,13.5,0.7,3.2,14.6,30.1,6.3,2.2,8.5,0.282,7.1,1.2,8.3,landajo01
Joe Ingles,Maccabi Tel Aviv,0,2,1,30,763.3,4.1,8.6,0.476,1.8,4.2,0.411,2.3,4.3,0.541,0.581,1.3,1.9,0.697,0.8,4.6,5.3,5.1,1.3,0.1,2.2,3.2,11.2,96.253,103.17,10.617,0.593,0.488,0.221,4.367,16.74,11.573,147.399,2.839,2.053,15.6,25.407,0.006,1.978,1.984,0.104,0.585,0.659,1.244,inglejo01
Joel Embiid,Kansas,3,0,2,28,647.0,3.8,6.1,0.626,0.0,0.2,0.2,3.8,5.9,0.639,0.629,3.5,5.1,0.685,2.3,5.8,8.1,1.4,0.9,2.6,2.4,5.8,11.2,112.0,90.1,28.2,0.655,0.029,0.836,12.7,27.3,20.5,11.5,2.3,11.7,24.1,24.4,1.8,1.7,3.4,0.213,4.2,6.4,10.6,embiijo01
John Collins,Wake Forest,3,1,2,33,878.0,7.1,11.4,0.622,0.0,0.0,0.0,7.1,11.4,0.624,0.622,5.0,6.7,0.745,3.8,6.1,9.8,0.5,0.6,1.6,1.8,4.5,19.2,124.8,103.9,35.9,0.658,0.003,0.585,16.4,25.7,21.1,4.5,1.3,6.6,13.2,29.2,4.6,1.0,5.6,0.256,8.9,0.3,9.2,collijo01
John Konchar,Fort Wayne,1,3,1,30,1028.0,7.0,13.2,0.534,1.5,4.3,0.349,5.5,8.9,0.624,0.591,4.2,5.7,0.737,2.2,6.3,8.5,5.4,2.0,0.9,2.8,2.6,19.5,119.9,103.5,30.3,0.623,0.329,0.433,7.3,20.5,14.2,30.0,3.3,3.0,16.6,28.3,5.1,1.6,6.8,0.239,6.4,1.8,8.2,konchjo01
Jonathan Isaac,Florida St.,3,0,1,32,838.0,4.1,8.0,0.508,1.0,2.8,0.348,3.1,5.2,0.593,0.568,2.9,3.7,0.78,1.8,6.1,7.8,1.2,1.2,1.5,1.5,3.3,12.0,118.8,92.7,24.6,0.614,0.348,0.461,7.7,25.0,16.7,7.5,2.4,6.2,15.7,20.0,2.4,1.9,4.3,0.205,5.3,3.8,9.1,isaacjo01
Jonathan Kuminga,GLI,2,0,1,13,426.0,6.1,15.7,0.387,1.4,5.5,0.246,4.7,10.2,0.463,0.43,2.5,4.1,0.625,1.3,6.6,7.9,3.0,1.1,0.9,2.9,2.3,17.4,90.0,111.0,11.5,0.497,0.349,0.258,4.0,19.2,11.9,12.2,1.5,2.4,14.1,24.5,-0.7,0.5,-0.3,-0.03,0.0,0.0,0.0,kuminjo01
Jordan Clarkson,Missouri,3,2,0,35,1228.0,6.0,13.4,0.447,0.9,3.3,0.281,5.1,10.1,0.5,0.481,4.6,5.6,0.831,0.8,3.0,3.8,3.4,1.1,0.2,2.7,2.5,17.5,109.7,106.8,20.2,0.546,0.244,0.417,2.9,9.3,6.4,23.3,1.9,0.6,16.8,27.3,3.2,1.2,4.4,0.142,3.7,-0.1,3.6,clarkjo01
Jordan Goodwin,Saint Louis,1,3,1,21,696.0,5.4,12.6,0.43,1.0,3.3,0.314,4.4,9.3,0.472,0.472,2.6,4.0,0.643,2.6,7.5,10.1,3.9,2.0,0.2,2.8,2.1,14.5,102.6,90.0,21.9,0.498,0.264,0.317,9.1,27.0,17.9,21.8,3.6,0.7,18.6,26.1,1.4,1.6,3.0,0.172,3.8,3.0,6.7,goodwjo01
Jordan Hawkins,Connecticut,1,1,1,37,1086.0,4.9,12.0,0.409,2.9,7.6,0.388,2.0,4.4,0.445,0.531,3.4,3.8,0.887,1.0,2.8,3.8,1.3,0.7,0.5,1.4,3.0,16.2,121.2,97.3,20.2,0.584,0.631,0.317,3.9,10.8,7.4,8.2,1.4,1.8,11.9,22.7,3.8,1.9,5.7,0.211,6.1,1.2,7.4,hawkijo01
Jordan McLaughlin,USC,3,3,0,36,1270.0,4.4,9.8,0.449,1.5,3.8,0.397,2.9,6.1,0.482,0.525,2.4,3.3,0.746,0.7,2.9,3.7,7.8,2.0,0.2,2.6,1.2,12.8,116.7,101.9,21.3,0.561,0.384,0.333,2.5,9.9,6.1,38.5,3.3,0.7,18.9,22.4,3.6,1.8,5.3,0.168,4.9,2.2,7.1,mclaujo01
Jordan Poole,Michigan,3,1,0,37,1222.0,4.4,10.0,0.436,2.0,5.5,0.369,2.3,4.5,0.518,0.538,2.0,2.4,0.833,0.2,2.8,3.0,2.2,1.1,0.2,1.5,2.4,12.8,108.4,92.6,16.0,0.573,0.55,0.244,0.8,9.4,5.2,13.0,2.0,0.7,14.1,20.0,2.2,2.7,4.9,0.16,2.5,3.6,6.1,poolejo01
Jose Alvarado,Georgia Tech,3,3,0,26,965.0,5.4,10.7,0.505,1.8,4.5,0.39,3.7,6.2,0.59,0.588,2.6,3.1,0.838,0.7,2.7,3.5,4.2,2.8,0.0,2.1,2.5,15.2,117.8,99.6,22.2,0.623,0.421,0.287,2.5,9.4,5.9,21.0,4.5,0.1,16.1,20.6,2.9,1.4,4.3,0.179,4.3,3.0,7.3,alvarjo01
Josh Giddey,Adelaide,0,0,1,28,998.9,5.1,11.9,0.427,1.3,4.4,0.293,3.8,7.4,0.506,0.483,2.1,3.0,0.691,1.4,7.8,9.1,9.3,1.3,0.6,4.1,1.9,13.6,78.522,101.62,10.664,0.514,0.37,0.252,5.45,20.244,14.171,229.064,2.024,9.441,15.6,26.972,-0.114,2.592,2.478,0.099,0.891,1.14,2.03,giddejo01
Josh Green,Arizona,3,0,1,30,925.0,4.0,9.6,0.422,1.0,2.8,0.361,3.0,6.8,0.446,0.474,2.8,3.6,0.78,1.3,3.3,4.6,2.6,1.5,0.4,1.6,3.2,11.9,107.6,92.2,17.9,0.527,0.288,0.38,4.8,11.9,8.4,16.0,2.8,1.6,14.7,20.5,2.0,1.9,3.8,0.166,2.1,3.6,5.7,greenjo02
Josh Hart,Villanova,1,3,1,36,1194.0,6.6,12.9,0.51,2.1,5.1,0.404,4.5,7.8,0.579,0.59,3.5,4.7,0.747,1.4,5.0,6.4,2.9,1.6,0.3,2.0,2.7,18.7,122.3,93.6,28.2,0.619,0.395,0.367,5.9,17.5,12.2,18.8,2.9,1.0,13.4,27.1,5.1,2.6,7.7,0.257,7.5,3.3,10.8,hartjo01
Josh Okogie,Georgia Tech,3,1,1,24,873.0,5.5,13.3,0.416,1.6,4.2,0.38,4.0,9.2,0.432,0.475,5.5,6.8,0.821,2.2,4.0,6.2,2.5,1.8,1.0,2.5,3.2,18.2,107.9,100.8,22.3,0.55,0.313,0.506,7.3,13.1,10.2,15.6,2.9,2.8,15.7,26.8,2.1,1.3,3.4,0.156,5.2,1.9,7.1,okogijo01
Jrue Holiday,UCLA,3,0,0,35,950.0,3.2,7.1,0.45,0.8,2.5,0.307,2.4,4.6,0.528,0.504,1.3,1.8,0.726,1.3,2.5,3.8,3.7,1.6,0.5,2.1,3.2,8.5,107.2,95.4,24.5,0.531,0.353,0.249,6.0,11.8,8.9,23.8,3.5,2.1,23.4,20.5,1.2,2.1,3.3,0.138,3.3,3.4,6.7,holidjr01
Julian Champagnie,St. John's,1,2,1,31,1060.0,7.1,17.2,0.414,2.1,6.2,0.337,5.0,11.0,0.457,0.475,2.9,3.7,0.781,1.4,5.3,6.6,2.0,2.0,1.1,1.5,1.8,19.2,105.4,96.6,21.6,0.507,0.361,0.213,4.1,16.5,10.2,11.0,3.1,3.5,9.1,25.5,2.2,1.9,4.1,0.153,4.2,1.2,5.4,champju02
Julius Randle,Kentucky,3,0,2,40,1233.0,4.9,9.8,0.5,0.1,0.5,0.167,4.8,9.3,0.516,0.504,5.1,7.2,0.706,3.5,6.9,10.4,1.4,0.5,0.8,2.5,3.0,15.0,111.2,96.7,24.5,0.566,0.046,0.737,13.4,24.7,19.2,10.0,1.0,2.6,18.7,26.2,3.5,2.4,5.9,0.191,4.9,1.4,6.3,randlju01
Justin Champagnie,Pittsburgh,3,1,1,20,687.0,6.7,14.1,0.475,1.1,3.7,0.311,5.5,10.4,0.534,0.516,3.5,4.8,0.711,3.4,7.6,11.0,1.6,1.2,1.2,1.5,2.0,18.0,115.0,97.4,27.3,0.549,0.263,0.344,10.8,25.6,18.0,10.4,2.0,4.3,10.3,24.6,2.4,1.1,3.5,0.204,6.8,0.8,7.5,champju01
Karl-Anthony Towns,Kentucky,3,0,2,39,824.0,3.7,6.6,0.566,0.1,0.2,0.25,3.7,6.4,0.577,0.57,2.8,3.4,0.813,2.4,4.3,6.7,1.1,0.5,2.3,1.4,5.6,10.3,122.7,77.3,31.4,0.627,0.031,0.523,14.1,22.2,18.5,11.5,1.4,11.4,16.6,24.2,3.5,2.9,6.4,0.311,6.3,6.8,13.1,townska01
Kawhi Leonard,San Diego St.,1,1,2,34,1122.0,5.8,13.3,0.438,0.7,2.4,0.284,5.1,10.9,0.472,0.463,3.2,4.3,0.759,3.2,7.5,10.7,2.6,1.5,0.6,2.2,3.1,15.6,108.7,85.4,26.5,0.508,0.181,0.321,11.4,25.9,19.0,16.4,2.8,1.9,15.1,27.7,3.6,3.2,6.8,0.231,5.0,3.3,8.3,leonaka01
Keegan Murray,Iowa,3,1,1,35,1116.0,8.8,15.8,0.554,1.9,4.7,0.398,6.9,11.1,0.621,0.614,4.1,5.4,0.747,2.9,5.8,8.7,1.5,1.3,1.9,1.1,2.3,23.5,131.2,95.9,37.8,0.638,0.3,0.343,9.8,20.2,14.9,10.1,2.3,6.4,7.1,28.1,6.6,2.0,8.7,0.311,12.6,2.4,15.0,murrake02
Kel'el Ware,Indiana,3,1,2,30,963.0,6.3,10.7,0.588,0.6,1.3,0.425,5.7,9.3,0.611,0.614,2.8,4.5,0.634,2.1,7.8,9.9,1.5,0.6,1.9,1.6,2.5,15.9,117.2,101.2,25.0,0.623,0.125,0.419,8.0,26.1,17.5,9.9,1.1,6.5,12.7,22.1,2.7,1.5,4.2,0.175,5.6,2.5,8.1,wareke01
Keldon Johnson,Kentucky,3,0,1,37,1136.0,4.6,10.1,0.461,1.2,3.2,0.381,3.4,6.9,0.498,0.521,2.9,4.2,0.703,1.3,4.5,5.9,1.6,0.8,0.2,1.6,2.9,13.5,112.9,97.2,18.5,0.557,0.316,0.416,5.5,16.5,11.3,10.6,1.5,0.6,14.5,21.7,2.9,2.0,4.9,0.171,3.5,2.2,5.7,johnske04
Kelly Olynyk,Gonzaga,1,2,2,31,820.0,6.8,10.7,0.631,0.3,0.9,0.31,6.5,9.8,0.661,0.644,4.2,5.4,0.78,2.4,4.8,7.3,1.7,0.7,1.1,2.4,3.5,18.1,123.5,89.4,36.2,0.678,0.088,0.505,11.8,20.1,17.4,15.1,1.6,5.1,18.4,30.4,4.7,1.9,6.7,0.315,10.4,3.2,13.6,olynyke01
Kenrich Williams,TCU,3,3,1,32,1153.0,4.8,10.2,0.475,1.4,3.6,0.391,3.4,6.6,0.521,0.544,2.1,3.0,0.688,2.8,6.5,9.3,3.9,1.8,0.5,2.0,2.8,13.2,117.8,102.3,20.6,0.567,0.351,0.294,9.7,21.5,15.7,18.1,2.8,1.4,16.5,19.5,3.0,1.6,4.6,0.158,5.2,2.7,7.9,willike04
Kentavious Caldwell-Pope,Georgia,3,1,1,32,1086.0,5.8,13.4,0.433,2.6,7.0,0.373,3.2,6.4,0.498,0.53,4.2,5.3,0.799,1.2,5.9,7.1,1.8,2.0,0.5,2.0,2.6,18.5,112.7,89.8,27.7,0.579,0.523,0.393,4.3,19.7,12.9,16.8,3.8,1.9,13.8,27.2,3.9,2.4,6.2,0.23,8.4,3.9,12.3,caldwke01
Keon Ellis,Alabama,3,3,1,33,1021.0,3.7,8.4,0.439,2.0,5.5,0.366,1.7,2.9,0.579,0.559,2.7,3.1,0.881,1.9,4.2,6.1,1.8,1.9,0.6,1.6,3.4,12.1,122.1,101.1,19.9,0.614,0.658,0.363,6.4,14.5,10.5,10.2,3.4,1.9,16.4,16.8,2.9,1.3,4.2,0.165,5.3,3.1,8.4,elliske01
Kevin Durant,Texas,3,0,1,35,1255.0,9.8,20.6,0.473,2.6,6.5,0.404,7.1,14.2,0.505,0.536,6.7,8.2,0.816,3.4,9.1,12.4,1.5,2.1,2.1,3.2,2.3,28.8,0.0,0.0,24.5,0.587,0.314,0.396,0.0,0.0,16.5,0.0,0.0,3.5,11.4,33.2,4.7,4.1,8.8,0.28,0.0,0.0,0.0,duranke01
Kevin Huerter,Maryland,3,1,1,31,1065.0,5.1,10.1,0.5,2.3,5.5,0.414,2.8,4.7,0.6,0.611,2.4,3.1,0.763,1.0,4.1,5.0,3.4,0.6,0.7,2.5,2.8,14.8,116.3,102.0,19.4,0.636,0.543,0.309,3.9,13.1,8.8,20.0,1.1,2.1,20.4,21.5,3.0,1.6,4.5,0.165,5.5,1.6,7.1,huertke01
Kevin Love,UCLA,3,0,1,38,1126.0,5.8,10.4,0.556,0.8,2.2,0.354,5.0,8.3,0.608,0.592,5.1,6.6,0.769,3.6,7.0,10.6,1.9,0.7,1.4,2.0,2.6,17.5,127.0,85.7,25.5,0.642,0.202,0.634,15.3,28.6,22.1,13.8,1.5,5.0,14.8,27.2,5.6,5.7,11.3,0.391,10.7,3.9,14.6,loveke01
Kevin Porter Jr.,USC,3,0,1,21,464.0,3.5,7.5,0.471,1.3,3.2,0.412,2.2,4.2,0.517,0.561,1.1,2.2,0.522,1.0,3.0,4.0,1.4,0.8,0.5,1.9,3.8,9.5,98.4,100.1,16.2,0.559,0.433,0.293,4.8,15.0,10.0,12.0,2.1,2.6,20.8,22.8,0.5,0.7,1.2,0.1,1.4,1.0,2.4,porteke02
Kevon Looney,UCLA,3,0,2,36,1114.0,4.2,8.9,0.47,0.6,1.5,0.415,3.6,7.4,0.481,0.505,2.6,4.1,0.626,3.4,5.8,9.2,1.4,1.3,0.9,1.2,3.7,11.6,113.0,96.2,21.9,0.532,0.165,0.458,12.2,21.0,16.6,9.1,2.5,3.3,11.9,20.0,2.8,2.0,4.8,0.172,4.4,1.9,6.3,looneke01
Keyonte George,Baylor,3,0,0,33,946.0,4.7,12.5,0.376,2.3,6.9,0.338,2.4,5.6,0.424,0.47,3.6,4.5,0.793,1.0,3.2,4.2,2.8,1.1,0.2,2.9,3.0,15.3,102.7,103.5,17.8,0.523,0.553,0.364,4.2,13.6,8.8,20.0,2.3,0.7,19.8,29.8,1.8,1.1,2.9,0.125,4.2,0.4,4.7,georgke01
Khris Middleton,Texas A&M,3,2,1,19,552.0,5.1,12.3,0.41,1.0,3.9,0.257,4.1,8.4,0.481,0.451,2.1,2.7,0.75,1.4,3.7,5.1,2.2,0.9,0.3,2.2,2.7,13.2,96.0,96.8,18.9,0.483,0.313,0.222,5.7,15.8,11.0,19.0,2.1,1.1,16.5,28.6,0.7,0.9,1.6,0.114,3.9,1.5,5.4,middlkh01
Klay Thompson,Washington St.,3,2,0,34,1179.0,7.1,16.2,0.436,2.9,7.2,0.398,4.2,9.0,0.466,0.525,4.6,5.4,0.838,0.7,4.5,5.2,3.7,1.6,0.9,3.4,3.4,21.6,107.6,94.8,26.1,0.574,0.446,0.336,2.6,14.0,8.6,25.0,2.8,3.1,17.8,31.9,3.7,2.2,5.8,0.198,6.7,2.6,9.3,thompkl01
Kris Dunn,Providence,1,2,0,33,1088.0,5.6,12.5,0.448,1.3,3.4,0.372,4.3,9.0,0.477,0.499,4.0,5.8,0.695,1.1,4.2,5.3,6.2,2.5,0.6,3.5,3.4,16.4,103.6,93.9,23.3,0.541,0.275,0.462,3.5,14.8,9.0,41.8,4.3,1.9,20.9,29.3,2.2,2.3,4.5,0.166,4.5,5.0,9.6,dunnkr01
Kris Murray,Iowa,3,2,1,29,1009.0,7.5,15.7,0.476,2.3,6.8,0.335,5.2,8.9,0.583,0.548,3.0,4.1,0.729,2.8,5.2,7.9,2.0,1.0,1.2,1.5,2.4,20.2,118.5,104.5,25.9,0.572,0.432,0.259,8.5,17.8,12.9,11.7,1.7,3.4,9.5,25.6,3.6,1.1,4.7,0.187,7.9,0.1,8.0,murrakr01
Kyle Anderson,UCLA,3,1,1,36,1196.0,5.0,10.5,0.48,0.8,1.6,0.483,4.2,8.9,0.48,0.517,3.8,5.2,0.737,1.2,7.5,8.8,6.5,1.8,0.8,3.1,2.0,14.6,110.6,94.3,24.7,0.566,0.154,0.493,4.5,25.5,15.4,34.3,3.1,2.7,20.2,26.0,3.1,2.6,5.6,0.189,6.0,4.0,10.0,anderky01
Kyle Filipowski,Duke,3,1,2,36,1095.0,6.1,12.1,0.506,1.1,3.1,0.348,5.0,9.0,0.56,0.551,3.1,4.6,0.671,2.2,6.0,8.2,2.8,1.2,1.5,2.1,4.0,16.4,114.5,93.5,26.0,0.575,0.257,0.384,8.6,22.6,16.0,18.4,2.3,5.2,14.9,27.7,3.4,2.5,6.0,0.217,6.0,4.1,10.1,filipky01
Kyle Kuzma,Utah,3,2,2,27,832.0,6.2,12.3,0.502,0.9,2.9,0.321,5.3,9.4,0.557,0.539,3.0,4.5,0.669,2.8,6.6,9.3,2.4,0.6,0.5,2.1,2.1,16.4,112.8,98.8,25.0,0.563,0.233,0.363,11.2,22.7,17.7,15.0,1.1,1.6,14.7,26.7,2.8,1.8,4.5,0.204,5.1,0.4,5.4,kuzmaky01
Kyle Lowry,Villanova,1,1,0,33,967.0,4.8,10.4,0.466,0.3,0.7,0.444,4.5,9.6,0.468,0.482,5.0,6.4,0.786,2.5,3.4,5.9,5.0,3.2,0.3,2.9,3.9,15.0,0.0,0.0,24.5,0.56,0.072,0.614,0.0,0.0,8.3,25.9,0.0,0.6,17.8,20.4,1.9,3.1,4.9,0.204,0.0,0.0,0.0,lowryky01
Kyrie Irving,Duke,3,0,0,11,303.0,5.0,9.5,0.529,1.6,3.5,0.462,3.4,5.9,0.569,0.615,5.8,6.5,0.901,0.5,2.8,3.4,4.3,1.5,0.5,2.5,3.0,17.5,130.5,91.7,32.5,0.697,0.375,0.683,2.3,10.6,6.7,29.8,3.0,1.8,18.6,27.2,1.8,0.6,2.4,0.32,9.5,4.4,13.9,irvinky01
Kyshawn George,Miami FL,3,0,1,31,713.0,2.6,6.1,0.426,1.7,4.2,0.408,0.9,1.9,0.467,0.566,0.7,0.9,0.778,0.5,2.6,3.0,2.2,0.9,0.4,1.5,3.1,7.6,107.2,105.8,13.6,0.582,0.684,0.142,2.2,12.1,7.3,16.3,2.2,1.8,21.9,17.6,0.9,0.8,1.7,0.097,1.0,1.9,2.8,georgky01
LaMelo Ball,Hawks,0,0,0,12,416.7,8.0,21.3,0.375,2.1,8.6,0.25,5.9,12.8,0.458,0.425,3.7,5.0,0.723,2.4,7.2,9.7,8.8,2.0,0.1,3.2,3.3,21.8,81.648,101.47,11.771,0.464,0.404,0.235,9.599,19.198,15.519,151.724,3.2,0.945,15.6,42.717,-0.143,1.147,1.004,0.096,2.292,1.276,3.568,ballla01
Landry Shamet,Wichita St.,1,1,0,32,1015.0,4.8,9.8,0.489,2.6,5.9,0.442,2.2,3.9,0.56,0.622,2.7,3.2,0.825,0.4,2.8,3.2,5.2,0.7,0.2,2.1,2.4,14.9,127.5,104.9,21.4,0.655,0.603,0.327,1.6,9.7,5.8,28.8,1.3,0.7,17.9,21.0,3.8,1.1,4.9,0.195,7.3,0.4,7.7,shamela01
Larry Nance Jr.,Wyoming,1,3,1,29,1012.0,6.1,12.0,0.507,0.5,1.4,0.341,5.6,10.6,0.529,0.527,3.9,5.0,0.785,1.4,5.8,7.2,2.5,1.2,1.2,2.3,2.6,16.1,106.3,91.7,25.3,0.577,0.117,0.415,6.2,20.5,14.1,19.7,2.3,4.3,15.9,27.9,2.8,2.6,5.4,0.199,3.6,2.8,6.4,nancela02
Lauri Markkanen,Arizona,3,0,1,37,1140.0,5.0,10.2,0.492,1.9,4.4,0.423,3.1,5.8,0.545,0.584,3.7,4.4,0.835,2.4,4.8,7.2,0.9,0.4,0.5,1.1,2.6,15.6,130.1,99.1,25.0,0.635,0.434,0.436,10.0,17.5,14.0,5.6,0.8,1.8,9.8,21.5,4.8,1.8,6.7,0.235,7.6,0.9,8.6,markkla01
Lindy Waters III,Oklahoma St.,3,3,1,31,981.0,3.6,9.4,0.381,1.3,4.0,0.317,2.3,5.4,0.429,0.448,2.1,2.6,0.825,0.5,3.6,4.2,2.4,1.2,0.1,1.6,2.9,10.5,100.2,97.8,13.4,0.497,0.423,0.275,1.9,12.8,7.5,15.8,2.2,0.3,15.6,19.1,1.2,1.5,2.6,0.107,1.1,2.0,3.1,waterli01
Lonzo Ball,UCLA,3,0,0,36,1262.0,5.2,9.5,0.551,2.2,5.4,0.412,3.0,4.1,0.732,0.668,1.8,2.7,0.673,0.9,5.1,6.0,7.6,1.8,0.8,2.5,2.1,14.6,129.4,99.8,24.7,0.673,0.566,0.286,3.2,14.3,9.3,31.4,2.8,2.1,18.9,20.1,4.8,2.0,6.8,0.214,7.6,3.4,11.0,balllo01
Luguentz Dort,Arizona St.,3,0,0,34,1073.0,5.1,12.6,0.405,1.6,5.2,0.307,3.5,7.5,0.472,0.467,4.3,6.1,0.7,1.3,3.0,4.3,2.3,1.5,0.2,2.9,3.8,16.1,98.9,100.2,16.5,0.518,0.409,0.481,4.5,10.0,7.3,15.0,2.7,0.8,18.7,27.1,1.5,1.6,3.1,0.115,1.2,1.1,2.3,dortlu01
Luke Kennard,Duke,3,1,1,37,1314.0,6.4,13.1,0.489,2.4,5.4,0.438,4.0,7.7,0.525,0.579,4.3,5.1,0.856,1.2,3.9,5.1,2.5,0.8,0.4,1.6,2.5,19.5,127.3,103.2,24.4,0.629,0.414,0.386,3.9,12.1,8.2,13.6,1.4,0.9,11.2,23.0,5.5,1.6,7.1,0.217,8.0,1.4,9.3,kennalu01
Luke Kornet,Vanderbilt,3,3,2,35,1101.0,4.1,10.2,0.406,1.5,4.6,0.327,2.6,5.6,0.472,0.48,3.4,4.0,0.857,1.5,4.7,6.2,1.2,0.5,2.0,1.3,2.9,13.2,109.9,98.3,20.0,0.547,0.454,0.392,5.9,16.6,11.5,8.5,1.0,6.7,11.2,21.9,2.4,1.9,4.3,0.155,3.8,3.2,7.0,kornelu01
Malaki Branham,Ohio St.,3,0,1,32,949.0,5.0,10.1,0.497,1.2,2.8,0.411,3.8,7.2,0.53,0.554,2.5,3.0,0.833,0.8,2.8,3.6,2.0,0.8,0.3,1.7,2.4,13.7,115.0,105.3,20.4,0.594,0.277,0.298,3.5,10.5,7.3,14.7,1.6,1.0,15.1,23.4,2.9,0.8,3.6,0.154,4.6,0.4,5.0,branhma01
Malik Monk,Kentucky,3,0,0,38,1218.0,6.6,14.7,0.45,2.7,6.9,0.397,3.9,7.8,0.497,0.543,3.9,4.7,0.822,0.3,2.2,2.5,2.3,0.9,0.5,2.0,2.4,19.8,115.7,99.9,21.5,0.586,0.47,0.323,1.1,7.2,4.2,13.3,1.6,1.5,13.3,25.1,3.9,1.9,5.8,0.189,6.0,1.8,7.9,monkma01
Marcus Smart,Oklahoma St.,3,1,0,31,1014.0,5.3,12.5,0.422,1.6,5.3,0.299,3.7,7.2,0.514,0.486,5.9,8.1,0.728,1.4,4.5,5.9,4.8,2.9,0.6,2.6,3.6,18.0,110.4,91.4,26.9,0.552,0.425,0.648,5.1,14.9,10.2,30.1,5.0,1.9,15.4,29.9,3.1,2.5,5.6,0.22,5.9,5.0,10.9,smartma01
Mark Williams,Duke,3,1,2,39,922.0,4.9,6.8,0.718,0.0,0.0,0.0,4.9,6.8,0.721,0.718,1.4,2.0,0.727,2.6,4.9,7.5,0.9,0.5,2.8,0.9,3.5,11.2,138.6,92.1,33.1,0.724,0.004,0.289,13.2,21.4,17.5,6.9,1.3,11.3,12.3,18.6,4.3,2.0,6.3,0.271,7.8,4.3,12.1,willima07
Marvin Bagley III,Duke,3,0,2,33,1114.0,8.2,13.3,0.614,0.7,1.8,0.397,7.5,11.6,0.647,0.64,4.0,6.3,0.627,4.0,7.1,11.1,1.5,0.8,0.9,2.3,2.2,21.0,123.8,96.5,30.6,0.643,0.132,0.475,13.8,21.4,17.9,8.8,1.4,2.6,14.7,25.8,4.8,2.1,6.9,0.248,8.3,1.4,9.6,baglema01
Mason Plumlee,Duke,3,3,2,36,1248.0,6.1,10.2,0.599,0.0,0.0,0.0,6.1,10.2,0.599,0.599,4.8,7.1,0.681,2.8,7.2,10.0,1.9,1.0,1.4,2.9,2.9,17.1,113.1,90.9,26.3,0.628,0.0,0.688,9.8,23.3,17.4,11.5,1.7,4.0,19.2,25.1,4.3,2.6,6.9,0.22,5.4,3.0,8.4,plumlma01
Matas Buzelis,GLI,2,0,1,26,831.0,6.1,13.6,0.448,1.0,3.8,0.273,5.1,9.8,0.515,0.549,1.6,2.4,0.679,2.1,5.7,7.8,2.2,0.9,2.3,2.5,2.9,16.2,97.0,121.0,13.7,0.549,0.279,0.178,6.4,18.4,12.2,10.1,1.3,5.8,14.6,21.7,-1.0,0.4,-0.6,-0.035,0.0,0.0,0.0,buzelma01
Matisse Thybulle,Washington,3,3,0,36,1116.0,3.1,7.5,0.415,1.3,4.2,0.305,1.8,3.3,0.555,0.5,1.6,1.9,0.851,0.8,2.3,3.1,2.1,3.4,2.2,1.8,3.6,9.1,103.2,87.4,19.9,0.542,0.559,0.248,3.0,9.0,6.0,13.5,6.6,8.1,20.5,17.2,1.3,3.1,4.3,0.154,2.2,8.4,10.5,thybuma01
Max Christie,Michigan St.,3,0,1,35,1079.0,3.2,8.4,0.382,1.1,3.5,0.317,2.1,4.9,0.429,0.449,1.7,2.1,0.824,0.9,2.6,3.5,1.5,0.5,0.5,1.5,1.4,9.3,98.2,106.5,10.5,0.494,0.42,0.253,3.4,9.2,6.4,8.6,1.0,1.7,16.5,17.2,0.9,0.8,1.7,0.063,0.5,0.3,0.8,chrisma02
Max Strus,DePaul,1,3,1,35,1310.0,6.6,15.5,0.429,3.2,8.9,0.363,3.4,6.6,0.517,0.533,3.7,4.3,0.842,1.1,4.8,5.9,2.2,0.9,0.5,2.0,3.1,20.1,115.8,107.9,20.3,0.575,0.575,0.281,3.5,14.7,9.1,11.3,1.4,1.6,12.7,23.4,3.9,1.0,4.9,0.15,4.9,-1.0,3.9,strusma01
Maxi Kleber,Bayern Munich,0,3,1,17,436.7,5.8,11.7,0.496,2.2,5.1,0.44,3.6,6.7,0.538,0.59,3.0,3.6,0.829,4.1,7.4,11.6,2.3,1.7,1.7,2.2,4.4,16.8,108.499,99.89,11.745,0.632,0.436,0.308,22.168,26.673,25.087,51.339,3.677,27.135,15.6,33.487,0.084,1.262,1.345,0.123,1.01,2.334,3.344,klebima01
Michael Porter Jr.,Missouri,3,0,1,3,53.0,3.3,10.0,0.333,1.0,3.3,0.3,2.3,6.7,0.35,0.383,2.3,3.0,0.778,1.3,5.3,6.7,0.3,1.0,0.3,1.0,4.5,10.0,92.7,88.7,20.0,0.438,0.333,0.3,9.5,32.5,21.8,4.6,3.4,2.0,10.1,33.3,0.0,0.1,0.2,0.128,4.7,3.4,8.1,portemi01
Mikal Bridges,Villanova,1,2,1,40,1287.0,6.1,11.9,0.514,2.6,6.0,0.435,3.5,5.9,0.593,0.623,2.9,3.4,0.851,1.4,4.0,5.3,1.9,1.5,1.1,1.4,2.7,17.6,130.1,97.4,26.8,0.655,0.503,0.282,5.2,13.7,9.7,10.6,2.7,3.5,10.9,22.0,5.4,2.4,7.7,0.241,8.4,3.6,12.0,bridgmi01
Mike Conley,Ohio St.,3,0,0,39,1231.0,5.2,10.0,0.518,0.7,2.2,0.304,4.5,7.8,0.579,0.552,3.2,4.7,0.694,0.9,3.5,4.4,7.7,2.8,0.3,2.8,1.9,14.3,0.0,0.0,24.5,0.584,0.223,0.466,0.0,0.0,0.0,0.0,0.0,0.0,18.6,23.4,2.7,3.4,6.1,0.199,0.0,0.0,9.6,conlemi01
Miles Bridges,Michigan St.,3,1,1,34,1067.0,6.1,13.4,0.458,2.1,5.7,0.366,4.1,7.7,0.527,0.536,2.7,3.2,0.845,1.3,5.7,7.0,2.6,0.6,0.8,2.0,2.0,17.1,116.2,94.6,22.6,0.573,0.427,0.241,5.2,18.1,12.5,16.6,1.2,2.5,14.7,25.0,3.3,2.2,5.5,0.208,5.7,1.9,7.6,bridgmi02
Miles McBride,West Virginia,3,1,0,29,991.0,5.4,12.5,0.43,1.6,3.8,0.414,3.8,8.7,0.437,0.493,3.4,4.2,0.813,1.2,2.7,3.9,4.9,1.9,0.3,1.8,2.0,15.8,117.9,101.2,22.8,0.543,0.305,0.339,3.7,9.2,6.3,28.6,3.2,1.0,13.2,23.0,3.4,1.2,4.7,0.189,6.3,2.6,8.8,mcbrimi01
Moritz Wagner,Michigan,3,2,1,38,1050.0,5.6,10.6,0.526,1.6,4.2,0.392,3.9,6.4,0.612,0.603,1.9,2.8,0.698,1.5,5.7,7.1,0.8,1.0,0.5,1.4,4.5,14.6,114.8,91.4,24.7,0.618,0.391,0.263,6.5,25.0,15.7,6.7,2.2,2.0,13.1,24.6,3.1,2.6,5.7,0.213,5.0,3.3,8.3,wagnemo01
Moses Moody,Arkansas,3,0,1,32,1082.0,5.2,12.1,0.427,1.8,5.1,0.358,3.3,7.0,0.478,0.503,4.7,5.8,0.812,2.0,3.8,5.8,1.6,1.0,0.7,1.6,2.7,16.8,116.0,97.4,20.4,0.568,0.42,0.482,6.3,11.8,9.0,8.0,1.6,2.0,11.8,21.6,3.4,1.8,5.2,0.193,4.5,1.6,6.1,moodymo01
Myles Turner,Texas,3,0,2,34,755.0,3.4,7.6,0.455,0.5,1.8,0.274,2.9,5.7,0.513,0.488,2.8,3.3,0.839,1.3,5.2,6.5,0.6,0.3,2.6,1.4,4.3,10.1,109.4,85.4,25.5,0.556,0.241,0.436,7.2,24.9,16.7,6.2,0.8,12.3,16.6,23.8,1.9,2.1,4.0,0.213,3.1,5.5,8.5,turnemy01
Naji Marshall,Xavier,1,2,1,31,1104.0,6.1,13.8,0.445,1.4,5.0,0.286,4.7,8.8,0.535,0.496,3.2,4.5,0.71,1.1,5.2,6.3,4.0,1.3,0.4,3.4,3.0,16.8,100.6,95.5,18.7,0.53,0.361,0.323,3.5,15.9,9.7,24.1,2.0,1.3,20.4,26.6,1.9,1.9,3.9,0.14,3.0,2.8,5.9,marshna01
Naz Reid,LSU,3,0,2,34,925.0,5.0,10.7,0.468,0.8,2.5,0.333,4.2,8.3,0.509,0.507,2.7,3.8,0.727,2.5,4.7,7.2,0.9,0.7,0.7,2.5,4.7,13.6,103.8,100.8,19.4,0.544,0.23,0.351,10.2,19.4,14.9,6.4,1.5,2.8,20.1,25.9,1.7,1.3,3.0,0.131,1.8,0.1,1.9,reidna01
Neemias Queta,Utah St.,1,2,2,28,841.0,5.8,10.4,0.558,0.0,0.1,0.0,5.8,10.4,0.562,0.558,3.5,5.0,0.707,2.9,7.3,10.1,2.7,1.1,3.3,2.4,3.2,14.9,113.2,79.9,30.5,0.593,0.007,0.479,10.7,26.8,19.0,18.4,2.0,13.4,18.2,24.9,2.8,2.9,5.8,0.265,4.9,7.0,11.8,quetane01
Nic Claxton,Georgia,3,1,1,32,1011.0,5.4,11.8,0.46,0.7,2.5,0.281,4.7,9.3,0.509,0.49,4.9,7.6,0.641,2.8,8.0,10.8,2.3,1.3,3.2,2.7,3.6,16.4,108.1,99.5,21.2,0.533,0.215,0.644,8.4,20.6,14.9,12.2,1.9,8.0,14.7,22.1,1.8,1.7,3.5,0.137,2.3,3.2,5.5,claxtni01
Nick Richards,Kentucky,3,2,2,31,919.0,5.3,8.2,0.642,0.0,0.0,0.0,5.3,8.2,0.642,0.642,3.5,4.7,0.752,2.6,5.2,7.8,0.2,0.1,2.1,1.6,4.3,14.0,123.4,94.5,25.8,0.674,0.0,0.571,11.3,18.6,15.3,1.7,0.2,8.0,15.3,20.3,3.4,1.6,5.1,0.222,4.2,2.1,6.3,richani01
Nickeil Alexander-Walker,Virginia Tech,3,1,0,34,1167.0,5.6,11.8,0.474,1.7,4.6,0.374,3.9,7.2,0.537,0.546,3.3,4.2,0.778,0.5,3.6,4.1,4.0,1.9,0.5,2.9,2.7,16.2,109.8,93.6,21.9,0.586,0.586,0.359,1.8,13.1,7.6,24.6,3.4,2.3,19.6,26.4,3.1,2.5,5.5,0.189,4.2,3.7,7.9,alexani01
Nicolas Batum,Le Mans,0,0,1,30,960.0,6.2,11.9,0.523,1.4,4.1,0.348,4.8,7.8,0.617,0.58,3.2,4.3,0.753,2.2,4.8,7.0,5.0,1.9,1.1,3.3,2.3,17.1,100.047,99.42,10.688,0.62,0.345,0.361,9.549,13.889,12.153,105.932,3.299,17.309,15.6,29.674,0.035,2.55,2.585,0.108,1.022,1.191,2.213,batumni01
Noah Clowney,Alabama,3,0,2,36,915.0,3.4,7.0,0.486,0.9,3.3,0.283,2.5,3.7,0.669,0.553,2.0,3.1,0.649,2.1,5.8,7.9,0.8,0.6,0.9,1.3,3.9,9.8,113.5,89.0,18.6,0.576,0.474,0.439,8.7,21.4,15.5,6.0,1.3,3.4,15.5,17.8,1.9,2.4,4.3,0.189,3.3,3.9,7.3,clownno01
Norman Powell,UCLA,3,3,1,36,1243.0,5.9,13.0,0.456,1.1,3.3,0.319,4.9,9.7,0.503,0.497,3.5,4.7,0.751,0.6,4.1,4.7,2.1,1.8,0.4,2.2,2.9,16.4,104.9,99.0,19.6,0.54,0.255,0.362,1.9,13.3,7.6,12.8,3.2,1.5,15.8,24.0,2.5,1.9,4.4,0.14,2.8,2.7,5.5,powelno01
OG Anunoby,Indiana,3,1,1,16,402.0,4.2,7.6,0.557,0.9,2.8,0.311,3.4,4.8,0.701,0.615,1.7,3.0,0.563,1.8,3.7,5.4,1.4,1.3,1.3,1.6,3.3,11.1,115.6,98.5,23.8,0.611,0.369,0.393,8.5,16.1,12.5,11.0,3.0,5.5,18.0,20.5,1.1,0.7,1.7,0.172,4.7,3.1,7.8,anunoog01
Obi Toppin,Dayton,1,1,1,31,981.0,7.9,12.5,0.633,1.0,2.6,0.39,6.9,9.8,0.698,0.674,3.2,4.5,0.702,1.2,6.4,7.5,2.2,1.0,1.2,2.2,2.1,20.0,122.5,89.6,32.5,0.684,0.212,0.364,5.2,22.0,14.5,14.5,1.8,4.1,15.4,26.2,4.5,2.3,6.8,0.279,8.6,3.3,11.9,toppiob01
Ochai Agbaji,Kansas,3,3,1,39,1367.0,6.6,13.9,0.475,2.6,6.5,0.407,4.0,7.4,0.534,0.57,2.9,3.9,0.743,0.8,4.2,5.1,1.6,0.9,0.6,2.1,1.9,18.8,114.0,97.9,20.8,0.595,0.466,0.28,2.8,12.9,8.2,8.7,1.5,1.7,14.5,23.3,4.0,2.2,6.2,0.181,6.5,1.7,8.1,agbajoc01
Onyeka Okongwu,USC,3,0,2,28,858.0,6.3,10.2,0.618,0.0,0.1,0.25,6.2,10.0,0.623,0.619,3.7,5.1,0.72,3.3,5.4,8.6,1.1,1.2,2.7,2.0,3.5,16.3,119.1,87.6,31.1,0.646,0.014,0.502,12.4,18.4,15.5,8.4,2.3,9.8,15.9,23.4,3.2,2.1,5.4,0.251,6.2,4.7,10.9,okongon01
Ousmane Dieng,New Zealand,0,0,1,23,520.0,6.9,17.2,0.398,2.2,8.2,0.271,4.7,9.0,0.514,0.465,1.6,2.3,0.667,1.0,5.2,6.2,2.1,1.2,0.6,2.8,2.9,17.4,82.81,102.37,10.79,0.478,0.477,0.134,6.143,21.296,15.235,40.856,2.949,6.865,15.6,51.632,-0.102,1.39,1.288,0.099,1.017,1.164,2.181,diengou01
Paolo Banchero,Duke,3,0,1,39,1286.0,6.3,13.2,0.478,1.1,3.3,0.338,5.2,9.8,0.525,0.52,3.5,4.8,0.729,1.8,6.1,7.8,3.2,1.1,0.9,2.4,2.3,17.2,111.3,97.1,24.2,0.557,0.253,0.366,6.5,19.1,13.2,17.5,1.9,2.7,15.4,27.2,4.0,2.2,6.1,0.191,5.5,1.6,7.1,banchpa01
Pascal Siakam,New Mexico St.,1,1,2,32,1131.0,8.1,15.0,0.536,0.1,0.5,0.2,8.0,14.6,0.547,0.54,4.2,6.1,0.686,4.0,7.8,11.8,1.6,1.0,2.2,2.1,3.1,20.4,115.4,86.8,31.6,0.569,0.029,0.403,13.4,23.5,18.8,11.2,1.7,6.4,12.6,28.0,4.4,3.4,7.8,0.266,5.2,3.1,8.3,siakapa01
Pat Connaughton,Notre Dame,3,3,1,38,1351.0,4.4,9.4,0.466,2.4,5.8,0.423,1.9,3.6,0.537,0.597,1.3,1.7,0.781,1.1,6.3,7.4,1.5,0.7,0.9,1.2,2.2,12.5,120.4,100.0,19.4,0.615,0.618,0.18,4.2,20.4,13.0,7.6,1.3,2.7,12.2,16.7,3.5,1.9,5.4,0.16,5.8,1.1,6.9,connapa01
Patrick Williams,Florida St.,3,0,1,29,651.0,3.3,7.2,0.457,0.6,1.7,0.32,2.7,5.4,0.5,0.495,2.1,2.6,0.838,1.3,2.7,4.0,1.0,1.0,1.0,1.7,2.9,9.2,104.2,92.9,19.4,0.551,0.242,0.356,6.8,13.9,10.5,8.4,2.6,5.6,20.2,21.9,1.2,1.3,2.5,0.154,1.8,2.7,4.5,willipa01
Paul George,Fresno St.,1,1,1,28,929.0,5.4,12.5,0.427,2.1,5.8,0.356,3.3,6.7,0.489,0.51,3.9,4.4,0.902,1.9,5.3,7.2,3.1,2.1,0.9,3.2,3.5,16.7,105.6,94.6,24.3,0.572,0.46,0.348,6.8,18.6,12.8,22.6,3.9,3.0,20.8,27.3,2.3,1.8,4.2,0.173,4.4,2.3,6.7,georgpa01
Paul Reed,DePaul,1,2,2,28,887.0,6.4,12.5,0.516,0.5,1.8,0.294,5.9,10.6,0.554,0.537,2.1,2.8,0.756,3.3,7.4,10.7,1.6,1.9,2.6,2.3,3.7,15.1,108.4,88.8,27.5,0.562,0.147,0.223,11.2,25.7,18.4,11.1,3.3,9.4,16.5,23.6,2.2,2.3,4.5,0.194,4.6,4.0,8.6,reedpa01
Payton Pritchard,Oregon,3,3,0,31,1132.0,7.0,14.9,0.468,2.8,6.8,0.415,4.1,8.1,0.512,0.563,3.7,4.5,0.821,0.7,3.6,4.3,5.5,1.5,0.0,2.7,2.2,20.5,120.6,100.3,27.1,0.601,0.459,0.303,2.3,11.6,7.1,31.6,2.5,0.1,16.0,28.4,5.3,1.4,6.7,0.235,8.7,1.3,10.0,pritcpa01
Peyton Watson,UCLA,3,0,1,32,405.0,1.2,3.7,0.322,0.2,1.0,0.226,1.0,2.7,0.356,0.352,0.7,1.0,0.688,0.9,2.0,2.9,0.8,0.6,0.6,0.9,5.0,3.3,83.6,90.7,11.2,0.394,0.263,0.271,8.1,18.7,13.3,10.1,2.8,5.3,21.0,21.2,-0.2,0.9,0.8,0.074,-3.2,2.9,-0.3,watsope01
Precious Achiuwa,Memphis,1,0,2,31,941.0,5.9,11.9,0.493,0.4,1.3,0.325,5.5,10.6,0.514,0.511,3.6,6.0,0.599,3.0,7.8,10.8,1.0,1.1,1.9,2.8,3.1,15.8,98.2,81.6,23.3,0.534,0.108,0.507,11.4,24.7,18.6,7.5,2.0,6.4,18.6,27.2,1.5,2.9,4.4,0.187,2.2,2.9,5.1,achiupr01
Quentin Grimes,Houston,1,2,1,30,984.0,5.8,14.2,0.406,3.3,8.3,0.403,2.4,5.9,0.41,0.523,3.0,3.8,0.788,1.6,4.1,5.7,2.0,1.4,0.3,1.8,2.7,17.8,118.2,90.4,23.5,0.558,0.582,0.265,5.4,14.1,9.6,12.6,2.6,1.2,13.5,25.3,3.7,2.4,6.1,0.25,7.8,2.2,10.0,grimequ01
Rayan Rupert,New Zealand,0,0,0,20,437.8,4.8,13.1,0.364,1.2,4.9,0.25,3.6,8.2,0.432,0.412,2.7,3.8,0.703,1.3,3.7,5.0,1.9,1.7,0.3,2.3,4.0,13.4,78.491,102.21,10.726,0.454,0.374,0.29,8.248,15.651,12.69,48.969,4.315,4.351,15.6,43.328,-0.113,1.194,1.082,0.099,0.339,0.892,1.231,ruperra01
Royce O'Neale,Baylor,3,3,1,33,1060.0,3.3,7.2,0.456,1.5,3.4,0.438,1.8,3.8,0.472,0.559,2.1,2.7,0.773,2.0,3.8,5.8,3.4,1.2,0.3,1.7,2.8,10.1,123.1,96.5,19.8,0.597,0.473,0.371,7.3,13.7,10.5,21.8,2.3,1.2,19.2,17.2,3.1,1.9,5.0,0.189,5.9,3.2,9.1,onealro01
Rudy Gobert,Cholet,0,1,2,27,680.0,5.8,8.1,0.718,0.0,0.2,0.0,5.8,7.9,0.736,0.716,3.2,4.7,0.704,3.8,5.8,9.4,0.7,1.2,3.2,2.7,3.8,14.9,115.791,98.14,11.01,0.733,0.025,0.58,20.956,21.324,20.735,15.625,2.647,68.891,15.6,28.385,0.107,1.92,2.027,0.119,-0.184,2.206,2.022,goberru01
Rui Hachimura,Gonzaga,1,2,1,37,1118.0,7.4,12.6,0.591,0.4,1.0,0.417,7.0,11.6,0.606,0.608,4.4,6.0,0.739,1.4,5.1,6.5,1.5,0.9,0.7,1.8,2.6,19.7,121.7,91.0,28.6,0.639,0.077,0.477,5.8,17.0,12.1,9.3,1.8,2.4,12.9,26.4,4.7,2.7,7.4,0.264,5.9,2.5,8.4,hachiru01
Russell Westbrook,UCLA,3,1,0,38,1284.0,4.7,10.1,0.462,0.6,2.0,0.32,4.0,8.1,0.497,0.493,2.8,3.9,0.709,1.6,2.4,3.9,4.3,1.6,0.2,2.5,2.9,12.7,109.0,92.7,25.5,0.533,0.197,0.386,5.9,8.4,7.1,24.0,2.9,0.6,19.9,22.5,2.0,3.3,5.3,0.161,3.1,3.5,6.6,westbru01
Ryan Rollins,Toledo,1,1,0,33,1078.0,6.9,14.8,0.463,1.4,4.6,0.311,5.5,10.3,0.531,0.511,3.9,4.8,0.81,0.7,5.3,6.0,3.6,1.7,0.3,2.2,3.0,18.9,111.4,96.1,24.7,0.557,0.304,0.322,2.4,16.1,9.7,20.0,2.9,0.9,13.6,28.2,3.6,2.2,5.8,0.208,3.6,1.8,5.3,rolliry01
Saddiq Bey,Villanova,1,1,1,31,1051.0,5.6,11.8,0.477,2.5,5.6,0.451,3.1,6.2,0.5,0.584,2.3,2.9,0.769,1.3,3.5,4.7,2.4,0.8,0.4,1.5,2.9,16.1,119.0,100.0,21.6,0.608,0.477,0.248,4.5,11.3,8.0,14.9,1.4,1.1,11.8,22.0,3.6,1.4,4.9,0.188,5.8,1.5,7.3,beysa01
Sam Hauser,Virginia,3,3,1,25,856.0,5.9,11.7,0.503,2.5,6.0,0.417,3.4,5.6,0.596,0.611,1.7,1.9,0.896,0.8,6.0,6.8,1.8,0.6,0.4,1.0,1.8,16.0,123.6,99.5,25.2,0.635,0.517,0.164,3.4,21.6,13.1,11.6,1.1,1.4,9.0,22.2,3.3,1.2,4.6,0.213,7.4,1.6,9.1,hausesa01
Sam Merrill,Utah St.,1,3,0,32,1118.0,6.1,13.2,0.461,2.8,6.8,0.41,3.3,6.4,0.515,0.566,4.7,5.2,0.893,0.2,3.9,4.1,3.9,0.9,0.1,1.6,2.6,19.7,125.9,96.8,25.0,0.625,0.513,0.397,0.6,12.0,6.6,24.0,1.5,0.4,10.9,24.1,5.2,2.0,7.1,0.255,7.3,1.8,9.2,merrisa01
Sandro Mamukelashvili,Seton Hall,1,3,1,27,961.0,6.2,14.3,0.434,1.6,4.6,0.336,4.7,9.7,0.481,0.488,3.5,4.9,0.714,1.9,5.7,7.6,3.2,1.1,0.6,3.3,2.0,17.5,100.6,100.5,20.2,0.525,0.323,0.344,6.1,18.5,12.4,20.6,1.8,1.7,19.0,28.6,1.8,1.3,3.1,0.127,4.4,1.0,5.4,mamuksa01
Santi Aldama,Loyola MD,1,1,2,17,595.0,7.9,15.5,0.513,1.9,5.1,0.368,6.1,10.4,0.585,0.574,3.5,5.1,0.686,1.8,8.3,10.1,2.3,1.0,1.7,3.2,2.2,21.2,109.0,93.6,28.6,0.594,0.331,0.327,6.1,27.9,16.9,15.5,1.7,5.6,18.2,29.4,1.9,1.2,3.1,0.208,6.0,1.7,7.7,aldamsa01
Scoot Henderson,GLI ,2,0,0,19,584.0,7.1,16.5,0.429,0.9,3.1,0.275,6.2,13.4,0.465,0.455,2.6,3.4,0.764,1.2,5.1,6.3,7.6,1.2,0.6,4.1,3.8,19.4,98.0,122.0,13.5,0.537,0.19,0.205,3.8,15.4,9.6,33.0,1.7,1.6,18.7,27.4,-1.0,0.4,-0.7,-0.054,0.0,0.0,0.0,hendesc01
Scottie Barnes,Florida St.,3,0,0,24,595.0,4.1,8.1,0.503,0.5,1.7,0.275,3.6,6.5,0.561,0.531,1.7,2.8,0.621,1.5,2.5,4.0,4.1,1.5,0.5,2.5,3.5,10.3,107.5,97.4,21.4,0.548,0.205,0.338,7.4,11.0,9.3,31.6,3.4,2.1,22.4,25.3,1.5,1.0,2.4,0.164,4.1,3.1,7.2,barnesc01
Shai Gilgeous-Alexander,Kentucky,3,0,0,37,1248.0,4.9,10.2,0.485,0.6,1.5,0.404,4.3,8.6,0.5,0.516,3.9,4.7,0.822,0.9,3.2,4.1,5.1,1.6,0.5,2.7,2.0,14.4,114.1,100.8,21.2,0.579,0.151,0.462,3.2,10.0,6.8,28.8,2.8,1.7,19.8,22.8,3.3,1.9,5.2,0.167,5.0,3.1,8.1,gilgesh01
Simone Fontecchio,Baskonia,0,0,1,33,935.6,6.9,14.8,0.465,3.0,7.4,0.41,3.8,7.3,0.519,0.568,2.7,3.2,0.851,1.4,4.7,6.2,2.7,0.9,0.7,2.8,3.0,19.4,102.062,102.99,10.6,0.598,0.5,0.216,6.858,15.35,12.149,52.529,1.764,9.138,15.6,37.247,0.054,2.419,2.473,0.106,1.424,0.548,1.972,fontesi01
Stephen Curry,Davidson,1,2,0,33,1116.0,9.2,20.2,0.454,3.8,9.9,0.388,5.3,10.3,0.518,0.549,6.4,7.3,0.88,0.6,3.9,4.5,5.4,2.3,0.2,3.8,2.8,28.6,118.0,89.1,24.5,0.605,0.489,0.361,1.8,12.3,6.9,39.8,3.9,0.7,16.6,37.5,6.4,3.6,9.9,0.348,10.8,4.5,15.3,curryst01
Stephon Castle,Connecticut,1,0,1,34,916.0,4.0,8.5,0.472,0.6,2.2,0.267,3.4,6.3,0.544,0.507,2.4,3.2,0.755,1.7,3.0,4.7,2.9,0.8,0.5,1.5,3.6,11.1,116.9,98.0,19.0,0.551,0.259,0.379,7.8,12.0,10.1,18.4,1.8,2.1,15.0,22.4,2.5,1.7,4.3,0.186,3.1,2.4,5.5,castlst01
Steven Adams,Pittsburgh,1,0,2,32,749.0,3.1,5.5,0.571,0.0,0.0,0.0,3.1,5.5,0.571,0.571,1.0,2.2,0.443,2.8,3.5,6.3,0.6,0.7,2.0,1.1,2.8,7.2,109.7,86.5,23.2,0.555,0.0,0.4,15.3,19.1,18.0,5.4,1.9,11.2,16.9,18.0,1.6,1.9,3.5,0.185,3.4,3.7,7.1,adamsst01
Svi Mykhailiuk,Ukraine,0,1,0,4,36.7,2.4,13.3,0.182,1.2,7.2,0.167,1.2,6.1,0.2,0.226,2.4,6.1,0.4,3.7,2.4,6.1,2.4,1.2,0.0,7.2,4.9,8.4,36.232,104.45,6.975,0.263,0.541,0.459,56.01,24.22,36.936,98.361,7.266,0.0,15.6,140.381,-0.545,0.152,-0.393,-0.429,-1.08,1.158,0.078,mykhasv01
T.J. McConnell,Arizona,3,3,0,38,1158.0,4.1,8.2,0.498,0.7,2.1,0.321,3.4,6.2,0.557,0.538,1.5,1.8,0.829,0.7,3.2,3.8,6.3,2.2,0.1,2.1,2.3,10.4,118.3,87.3,22.9,0.57,0.249,0.224,2.8,12.5,7.8,39.0,4.3,0.3,19.3,20.7,3.5,3.0,6.5,0.224,5.5,5.7,11.2,mccontj01
Tari Eason,LSU,3,1,1,33,806.0,5.8,11.1,0.521,0.8,2.4,0.359,4.9,8.7,0.564,0.559,4.6,5.7,0.803,2.3,4.3,6.6,1.0,2.0,1.2,2.2,4.5,16.9,115.7,82.1,33.4,0.615,0.214,0.515,10.5,19.8,15.2,10.1,4.6,6.5,16.5,30.8,3.4,2.5,5.9,0.294,8.5,5.1,13.5,easonta01
Taurean Prince,Baylor,3,3,1,33,1017.0,5.5,12.9,0.431,1.6,4.5,0.361,3.9,8.4,0.468,0.493,3.3,4.3,0.769,2.3,3.6,5.9,2.3,1.2,0.7,2.7,3.3,16.0,107.2,102.8,20.8,0.537,0.339,0.336,8.9,14.7,12.0,15.4,2.3,2.7,18.9,27.2,2.4,1.4,3.8,0.148,4.9,0.9,5.7,princta02
Taylor Hendricks,UCF,1,0,1,34,1178.0,5.4,11.3,0.478,1.8,4.6,0.394,3.6,6.8,0.535,0.557,2.5,3.2,0.782,2.4,4.6,7.0,1.4,0.9,1.7,1.4,2.3,15.1,119.9,96.0,22.5,0.589,0.403,0.286,8.1,16.2,12.1,8.6,1.6,5.9,12.1,20.4,3.5,2.2,5.7,0.195,4.9,2.2,7.1,hendrta01
Terance Mann,Florida St.,3,3,1,37,1174.0,4.0,7.9,0.505,0.8,2.1,0.39,3.2,5.8,0.547,0.557,2.6,3.4,0.79,2.5,4.0,6.5,2.5,0.7,0.3,1.8,2.8,11.4,119.6,98.9,18.9,0.603,0.265,0.426,9.1,14.3,11.7,15.6,1.2,1.2,17.3,18.4,3.2,1.9,5.1,0.174,4.4,2.2,6.6,mannte01
Terry Rozier,Louisville,3,1,0,36,1260.0,5.9,14.5,0.411,1.3,4.4,0.306,4.6,10.1,0.456,0.457,3.9,4.9,0.79,1.2,4.4,5.6,3.0,2.0,0.2,2.2,2.0,17.1,105.9,89.6,22.1,0.509,0.301,0.338,3.8,13.9,8.8,19.7,3.5,0.5,14.1,26.8,3.0,3.0,6.0,0.191,4.4,4.1,8.5,roziete01
Thomas Bryant,Indiana,3,1,2,34,954.0,4.4,8.4,0.519,0.7,1.8,0.383,3.7,6.6,0.556,0.56,3.2,4.4,0.73,2.2,4.4,6.6,1.5,0.8,1.5,2.3,4.4,12.6,112.0,101.0,21.6,0.601,0.211,0.519,9.7,17.2,13.7,9.8,1.6,5.7,20.9,22.3,2.4,1.4,3.8,0.159,3.2,2.1,5.3,bryanth01
Tim Hardaway Jr.,Michigan,3,2,1,37,1293.0,5.2,12.2,0.429,1.8,5.1,0.358,3.4,7.0,0.481,0.504,2.0,2.8,0.695,0.2,4.3,4.5,2.4,0.7,0.5,1.9,2.2,14.2,104.9,99.6,17.7,0.527,0.424,0.233,0.8,14.5,8.4,12.9,1.2,1.4,15.0,22.3,2.8,1.7,4.5,0.136,3.2,1.2,4.3,hardati02
Tobias Harris,Tennessee,3,0,2,34,993.0,5.4,11.8,0.46,0.7,2.2,0.303,4.8,9.6,0.497,0.489,3.8,5.0,0.753,2.0,5.3,7.3,1.3,0.7,0.9,1.8,2.8,15.3,109.5,97.8,23.8,0.54,0.189,0.423,7.5,20.6,14.0,10.4,1.4,3.4,14.3,25.9,2.9,1.5,4.4,0.177,5.3,1.4,6.7,harrito02
Tony Bradley,North Carolina,3,0,2,37,540.0,2.6,4.6,0.564,0.0,0.0,0.0,2.6,4.6,0.564,0.564,1.6,2.7,0.616,2.6,2.6,5.1,0.6,0.3,0.6,0.7,5.0,7.1,123.3,96.9,26.2,0.582,0.0,0.576,18.2,19.0,18.8,7.4,1.0,4.6,11.5,21.4,2.1,1.0,3.1,0.225,5.0,1.8,6.8,bradlto01
Toumani Camara,Dayton,1,2,2,34,1019.0,5.2,9.6,0.546,0.9,2.4,0.362,4.4,7.2,0.606,0.59,2.6,3.9,0.669,2.3,6.3,8.6,1.7,1.2,0.8,2.1,3.5,13.9,112.3,88.7,25.0,0.609,0.245,0.408,10.2,23.3,17.3,13.4,2.6,3.1,17.9,24.5,2.8,2.7,5.5,0.216,3.7,2.8,6.6,camarto01
Trae Young,Oklahoma,3,0,0,32,1133.0,8.2,19.3,0.423,3.7,10.2,0.361,4.5,9.1,0.493,0.519,7.4,8.6,0.861,0.4,3.5,3.9,8.7,1.7,0.2,5.2,2.0,27.4,112.1,106.9,28.3,0.586,0.532,0.444,1.3,9.9,5.8,48.3,2.5,0.7,20.0,38.4,4.6,1.1,5.7,0.201,9.4,0.8,10.1,youngtr01
Trayce Jackson-Davis,Indiana,3,2,2,32,1106.0,8.2,14.1,0.582,0.0,0.0,0.0,8.2,14.1,0.582,0.582,4.6,6.6,0.695,2.8,8.0,10.8,4.0,0.8,2.9,2.6,2.0,20.9,118.5,93.4,34.2,0.609,0.0,0.467,10.1,24.7,18.0,24.8,1.4,9.0,14.3,30.1,4.8,2.4,7.2,0.261,9.8,5.0,14.7,jackstr02
Tre Jones,Duke,3,1,0,29,1028.0,5.6,13.2,0.423,1.3,3.7,0.361,4.2,9.5,0.447,0.474,3.7,4.8,0.771,0.7,3.6,4.2,6.4,1.8,0.3,2.7,2.0,16.2,110.8,93.7,21.2,0.524,0.282,0.366,2.1,10.8,6.5,31.4,2.8,0.9,16.8,24.6,3.0,2.0,4.9,0.192,4.6,2.3,6.9,jonestr01
Tre Mann,Florida,3,1,1,24,766.0,5.5,12.1,0.459,1.9,4.7,0.402,3.7,7.4,0.494,0.536,3.1,3.7,0.831,0.7,5.0,5.6,3.5,1.4,0.2,2.8,3.0,16.0,109.9,98.2,21.1,0.579,0.386,0.307,2.6,17.1,10.2,22.3,2.4,0.6,19.6,25.9,2.2,1.2,3.3,0.172,4.6,1.7,6.3,manntr01
Trendon Watford,LSU,3,1,1,28,968.0,6.1,12.6,0.48,0.6,2.0,0.316,5.4,10.6,0.512,0.506,3.5,5.4,0.651,1.7,5.7,7.4,2.9,1.1,0.6,2.6,2.9,16.3,105.6,102.5,20.2,0.536,0.161,0.429,5.3,16.8,11.3,15.6,1.8,2.0,16.9,24.9,2.2,1.1,3.3,0.136,3.5,0.7,4.1,watfotr01
Trey Murphy III,Virginia,3,2,1,25,739.0,3.8,7.6,0.503,2.1,4.8,0.433,1.8,2.8,0.62,0.639,1.5,1.6,0.927,0.6,2.8,3.4,1.2,0.8,0.4,0.8,2.7,11.3,127.9,101.0,20.9,0.67,0.628,0.215,2.8,11.7,7.6,8.2,1.8,1.8,9.8,17.3,2.5,0.9,3.5,0.189,5.3,2.0,7.2,murphtr02
Ty Jerome,Virginia,3,2,0,37,1256.0,4.8,11.1,0.435,2.1,5.4,0.399,2.7,5.7,0.469,0.532,1.8,2.5,0.736,0.5,3.8,4.2,5.5,1.5,0.0,1.6,2.0,13.6,119.1,91.7,22.9,0.555,0.484,0.222,1.8,13.0,7.8,32.6,3.0,0.1,13.3,24.1,4.3,2.9,7.2,0.228,6.3,4.0,10.3,jeromty01
Tyler Herro,Kentucky,3,0,1,37,1207.0,5.0,10.9,0.462,1.6,4.6,0.355,3.4,6.3,0.538,0.536,2.4,2.5,0.935,0.4,4.1,4.5,2.5,1.1,0.3,1.6,1.6,14.0,118.2,96.8,19.4,0.58,0.419,0.231,1.6,14.0,8.2,15.2,2.0,1.1,14.8,20.0,3.3,2.1,5.4,0.181,4.6,3.5,8.1,herroty01
Tyrese Haliburton,Iowa St.,3,1,0,22,807.0,5.6,11.1,0.504,2.4,5.6,0.419,3.2,5.5,0.592,0.611,1.7,2.0,0.822,1.5,4.4,5.9,6.5,2.5,0.7,2.8,1.4,15.2,120.1,99.9,25.9,0.631,0.508,0.184,4.6,13.7,9.2,35.3,3.8,2.0,20.1,21.5,2.7,1.6,4.3,0.187,7.4,3.3,10.7,halibty01
Tyrese Maxey,Kentucky,3,0,0,31,1068.0,4.8,11.3,0.427,1.1,3.6,0.292,3.8,7.7,0.492,0.474,3.2,3.9,0.833,0.4,3.9,4.3,3.1,0.9,0.4,2.2,2.8,14.0,104.7,98.3,16.3,0.531,0.322,0.342,1.4,12.1,7.3,18.3,1.5,1.3,16.6,22.1,2.1,1.5,3.6,0.134,1.9,1.5,3.4,maxeyty01
Tyus Jones,Duke,3,0,0,39,1322.0,3.5,8.3,0.417,1.2,3.2,0.379,2.3,5.1,0.44,0.489,3.7,4.2,0.889,0.5,3.0,3.5,5.6,1.5,0.1,1.9,1.4,11.8,121.8,98.3,20.4,0.575,0.383,0.5,1.8,9.9,6.1,27.5,2.7,0.2,17.4,19.9,4.4,2.1,6.5,0.196,5.6,2.8,8.4,jonesty01
Victor Wembanyama,Paris,0,0,2,34,1213.3,9.3,19.9,0.47,1.7,6.2,0.275,7.7,13.6,0.561,0.51,6.6,7.9,0.828,2.4,10.6,13.0,3.0,0.9,3.8,3.3,2.6,26.9,100.84,97.21,10.801,0.575,0.312,0.397,9.341,27.504,20.239,45.593,1.401,38.172,15.6,41.53,0.062,3.268,3.331,0.11,2.202,2.76,4.963,wembavi01
Vince Williams Jr.,VCU,1,3,1,30,973.0,4.6,9.6,0.477,2.2,5.6,0.387,2.4,4.0,0.605,0.591,2.8,3.4,0.814,0.9,5.1,6.0,3.0,1.6,1.1,2.9,3.6,14.1,108.2,87.8,20.7,0.629,0.585,0.355,3.5,17.7,11.0,19.6,2.9,3.8,23.0,22.5,2.1,2.5,4.6,0.191,4.4,4.3,8.7,willivi01
Walker Kessler,Auburn,3,1,2,34,869.0,4.8,7.9,0.608,0.3,1.5,0.2,4.5,6.4,0.702,0.627,1.6,2.6,0.596,2.6,5.4,8.0,0.9,1.1,4.5,1.1,4.1,11.4,122.6,82.3,31.4,0.627,0.151,0.332,10.9,22.1,17.3,7.0,2.4,18.8,12.9,19.0,2.8,2.7,5.5,0.254,5.9,7.4,13.2,kesslwa01
Wendell Carter Jr.,Duke,3,0,2,37,993.0,4.8,8.6,0.561,0.5,1.2,0.413,4.3,7.4,0.586,0.591,3.4,4.5,0.738,2.9,6.1,9.1,2.0,0.8,2.1,2.0,4.2,13.5,121.5,92.0,28.2,0.628,0.144,0.527,12.8,23.1,18.4,13.0,1.7,7.6,18.2,23.4,3.6,2.3,5.9,0.239,5.9,4.5,10.4,cartewe01
Yves Missi,Baylor,3,0,2,33,758.0,4.1,6.7,0.613,0.0,0.0,0.0,4.1,6.7,0.613,0.613,2.5,4.1,0.619,2.6,3.0,5.6,0.4,0.6,1.5,1.1,4.2,10.7,120.3,102.4,24.7,0.621,0.0,0.604,14.4,16.3,15.5,3.5,1.4,7.1,13.9,21.9,2.6,1.2,3.7,0.191,4.1,1.7,5.8,missiyv01
Zaccharie Risacher,Bourg,0,0,1,32,781.1,6.0,13.6,0.439,2.1,6.1,0.352,3.8,7.4,0.511,0.518,4.2,5.7,0.74,2.2,4.8,6.9,1.7,1.6,0.4,2.4,4.3,18.3,98.876,102.43,10.668,0.568,0.449,0.419,12.518,18.208,15.704,36.957,3.642,5.618,15.6,42.124,0.029,2.053,2.081,0.107,1.142,1.077,2.218,risacza01
Zach Collins,Gonzaga,1,0,2,39,672.0,3.5,5.3,0.652,0.3,0.5,0.476,3.2,4.8,0.672,0.676,2.8,3.8,0.743,1.7,4.2,5.9,0.4,0.5,1.8,1.5,6.3,10.0,120.6,79.1,31.0,0.703,0.101,0.715,12.2,23.2,18.4,4.4,1.5,9.8,20.2,24.8,2.6,2.4,5.0,0.299,4.2,5.7,10.0,colliza01
Zach LaVine,UCLA,3,0,1,37,904.0,3.4,7.8,0.441,1.3,3.5,0.375,2.1,4.3,0.494,0.524,1.3,1.8,0.691,0.5,2.1,2.5,1.8,0.9,0.2,1.1,3.2,9.4,107.3,103.6,14.6,0.545,0.444,0.236,2.4,9.5,6.1,12.6,2.1,0.8,13.9,19.0,1.4,1.2,2.5,0.111,1.5,0.5,2.0,lavinza01
Zeke Nnaji,Arizona,3,0,2,32,978.0,5.6,9.8,0.57,0.2,0.5,0.294,5.4,9.3,0.586,0.578,4.8,6.2,0.76,3.1,5.5,8.6,0.8,0.7,0.9,2.2,3.1,16.1,116.1,91.3,25.7,0.63,0.054,0.637,11.5,20.4,15.9,5.8,1.3,3.3,16.9,24.1,3.5,2.1,5.6,0.229,4.9,1.9,6.8,nnajize01
Ziaire Williams,Stanford,3,0,1,20,558.0,3.8,10.2,0.374,1.1,4.0,0.291,2.6,6.2,0.427,0.431,1.9,2.5,0.796,0.5,4.0,4.6,2.2,0.8,0.6,2.9,3.4,10.7,85.0,98.0,11.2,0.473,0.389,0.241,2.4,16.4,9.9,16.4,1.7,2.2,23.2,25.8,-0.2,0.9,0.6,0.046,-1.6,1.3,-0.3,willizi02
Zion Williamson,Duke,3,0,1,33,989.0,9.0,13.2,0.68,0.7,2.2,0.338,8.2,11.0,0.747,0.708,3.9,6.2,0.64,3.5,5.4,8.9,2.1,2.1,1.8,2.4,2.8,22.6,129.2,86.8,40.8,0.702,0.163,0.467,12.8,18.0,15.5,15.0,3.9,5.8,15.2,28.2,5.5,2.8,8.3,0.335,12.8,5.9,18.7,willizi01
A.J. Green,Northern Iowa,1,2,0,30,1093.0,5.8,14.0,0.411,3.1,7.9,0.388,2.7,6.1,0.44,0.52,4.7,5.1,0.915,0.2,3.5,3.7,2.5,0.8,0.0,2.2,1.8,18.8,110.4,106.4,19.7,0.585,0.562,0.363,0.8,11.7,6.3,14.2,1.4,0.1,13.4,26.2,3.1,0.9,4.1,0.144,4.6,-1.0,3.6,greenaj01
Monte Morris,Iowa St.,3,1,0,34,1153.0,4.6,9.0,0.507,0.9,2.4,0.395,3.6,6.6,0.547,0.559,1.9,2.5,0.753,0.7,2.7,3.4,5.2,1.9,0.4,1.1,1.6,11.9,126.2,99.0,24.7,0.586,0.308,0.278,2.5,8.6,7.6,27.4,3.2,1.3,10.7,17.7,4.8,1.7,6.5,0.21,5.6,3.6,9.2,morrimo01
Xavier Tillman Sr.,Michigan St.,3,2,2,31,995.0,5.3,9.7,0.55,0.4,1.6,0.26,4.9,8.1,0.608,0.572,2.6,4.0,0.667,2.7,7.6,10.3,3.0,1.2,2.1,2.0,3.3,13.7,116.6,85.6,26.5,0.593,0.167,0.41,9.9,23.9,17.5,18.3,2.1,6.9,16.4,21.6,3.1,2.7,5.8,0.234,5.7,5.7,11.5,tillmxa01
Tristan Da Silva,Colorado,3,3,1,34,1156.0,5.8,11.8,0.492,1.9,4.8,0.395,3.9,7.0,0.559,0.573,2.5,3.0,0.835,0.9,4.1,5.1,2.4,1.1,0.6,1.8,2.4,16.0,118.0,102.8,19.8,0.606,0.405,0.258,3.6,13.7,9.0,13.4,2.0,1.7,14.5,21.2,3.1,1.6,4.7,0.164,4.6,1.6,6.2,dasiltr01
RJ Barrett,Duke,3,0,1,38,1341.0,9.5,20.9,0.454,2.2,7.1,0.308,7.3,13.9,0.529,0.506,4.4,6.7,0.665,1.8,6.8,8.6,4.9,1.0,0.5,3.7,2.1,25.7,110.1,95.9,23.3,0.532,0.338,0.319,4.8,17.2,11.2,23.5,1.4,1.2,13.2,32.2,3.8,2.7,6.5,0.194,6.5,2.1,8.6,barrerj01
Moussa Diabate,Michigan,3,0,1,32,796.0,5.9,10.9,0.542,0.2,0.7,0.214,5.7,10.2,0.564,0.549,2.6,4.2,0.619,3.8,5.8,9.6,1.3,0.6,1.4,2.4,4.3,14.5,110.9,104.1,17.6,0.565,0.065,0.389,11.9,17.0,14.5,6.2,0.8,3.7,15.5,19.7,1.6,0.9,2.5,0.124,1.6,1.1,2.8,diabamo01
Kelly Oubre,Kansas,3,0,0,36,756.0,5.8,13.1,0.444,1.8,5.0,0.358,4.0,8.1,0.497,0.512,4.2,5.8,0.718,2.2,7.3,9.5,1.5,2.2,0.7,2.3,3.8,17.6,112.0,92.6,21.1,0.555,0.383,0.444,6.4,19.2,13.2,8.1,3.3,1.8,12.5,23.1,1.7,1.7,3.4,0.18,4.7,4.1,8.8,oubreke01
PJ Washington,Kentucky,3,1,1,35,1024.0,7.4,14.2,0.522,1.3,3.0,0.423,6.1,11.2,0.549,0.567,4.6,7.0,0.663,3.2,7.1,10.3,2.5,1.1,1.7,2.7,3.4,20.7,119.5,93.9,26.0,0.592,0.214,0.489,10.0,19.9,15.3,13.1,1.7,4.8,13.3,25.8,3.5,2.2,5.7,0.223,6.9,4.0,10.9,washipj01
Dario Saric,Anadolu Efes,0,1,1,24,598.9,7.7,15.3,0.5,2.1,5.3,0.403,5.4,9.9,0.552,0.572,3.4,3.7,0.939,2.7,7.6,10.2,2.6,0.9,0.8,2.7,4.6,20.9,106.481,103.61,11.242,0.617,0.346,0.242,15.028,28.2,22.708,46.263,2.004,10.146,15.6,43.698,0.09,1.582,1.672,0.112,1.427,1.616,3.043,saricda01
Robert Williams III,Texas A&M,3,1,1,30,769.0,7.2,11.4,0.632,0.0,0.6,0.0,7.2,10.8,0.668,0.632,1.7,3.6,0.471,3.7,10.7,14.4,2.2,1.2,4.1,2.7,3.4,16.2,113.8,90.2,25.5,0.614,0.055,0.318,10.2,26.8,18.9,10.8,1.8,10.4,17.0,19.0,1.5,2.0,3.5,0.184,4.5,6.2,10.6,williro04
Luka Doncic,Real Madrid,0,0,0,28,745.6,7.1,15.4,0.463,2.0,7.0,0.28,5.2,8.4,0.617,0.526,5.1,6.6,0.773,1.6,7.9,9.4,8.3,1.9,0.7,3.6,2.7,21.3,97.243,100.34,11.135,0.582,0.455,0.429,8.345,27.47,19.611,157.795,3.964,8.827,15.6,45.699,0.02,1.994,2.014,0.108,2.153,2.118,4.27,doncilu01
Nikola Jokic,Serbia,0,0,2,5,120.0,7.0,12.6,0.559,0.8,3.0,0.25,6.3,9.7,0.654,0.587,2.2,3.3,0.667,2.2,8.9,11.1,4.4,1.9,1.1,2.6,5.6,17.0,102.09,101.07,16.55,0.605,0.238,0.262,12.731,34.336,25.694,84.615,4.398,16.492,15.6,38.546,0.047,0.45,0.497,0.166,0.915,2.827,3.742,jokicni01
Nikola Jovic,Mega,0,0,1,25,772.2,5.8,13.6,0.428,2.4,6.8,0.356,3.4,6.8,0.5,0.515,2.8,3.8,0.754,1.2,5.1,6.3,4.9,0.8,0.6,3.9,3.6,16.9,88.149,103.72,10.653,0.553,0.5,0.279,5.396,15.288,11.331,109.375,1.439,8.427,15.6,34.483,-0.053,2.001,1.948,0.101,1.093,0.443,1.536,jovicni01
Kristaps Porzingis,Sevilla,0,0,2,34,818.9,7.4,15.8,0.471,1.3,4.3,0.313,6.1,11.4,0.531,0.509,3.6,4.6,0.774,3.0,5.9,8.9,0.8,1.7,1.8,2.4,5.3,19.8,97.903,100.16,10.777,0.555,0.272,0.291,17.3,22.682,20.529,14.706,3.921,22.195,15.6,46.649,0.023,2.222,2.246,0.11,0.994,2.055,3.049,porzikr01
Dennis Schroder,Germany,0,0,0,5,36.4,6.4,15.6,0.414,2.2,4.7,0.476,4.2,10.9,0.388,0.481,6.7,8.2,0.811,0.9,4.2,5.1,10.4,1.6,0.2,3.8,1.6,21.8,94.75,101.44,30.275,0.567,0.301,0.526,17.17,53.419,38.919,214.876,12.21,2.494,15.6,175.58,-0.002,0.181,0.179,0.196,2.21,3.814,6.023,schrode01
Alperen Sengun,Beşiktaş,0,0,2,29,912.2,9.9,15.3,0.646,0.2,1.0,0.19,9.7,14.2,0.679,0.654,7.1,8.8,0.812,5.8,7.4,13.2,3.6,1.9,2.3,3.3,4.3,27.1,120.595,98.26,11.24,0.707,0.065,0.575,25.61,21.783,23.314,51.873,3.356,29.169,15.6,39.69,0.23,2.49,2.721,0.119,1.935,2.303,4.238,sengual01
Jonas Valanciunas,Rytas,0,0,2,15,256.7,8.0,11.2,0.708,0.0,0.0,0.0,8.0,11.2,0.708,0.714,4.0,4.6,0.885,4.7,10.4,15.1,0.6,0.6,1.8,3.7,8.0,19.9,117.584,104.26,13.564,0.752,0.0,0.411,38.144,56.27,49.02,10.345,1.948,29.801,15.6,54.941,0.153,0.762,0.915,0.143,0.317,4.082,4.399,valanjo01
Nikola Vucevic,Budućnost,0,1,2,4,126.7,9.4,18.6,0.509,1.0,3.6,0.3,8.4,15.1,0.558,0.532,3.6,4.6,0.769,2.1,7.7,9.8,0.7,1.0,2.4,0.7,3.1,23.6,110.673,99.73,16.298,0.572,0.194,0.247,9.208,22.509,17.188,10.542,1.754,25.614,15.6,37.401,0.134,0.487,0.62,0.196,1.774,1.861,3.635,vucevni01
